CID,UNIT,W_ID,UTYPE,BEDS,AREA,PRICE,DATE,IS_MODE,IS_DEL
1978,Anya 2,9073,Villa,3,2036,2571888,30.06.2023,,
1978,Anya 2,9075,Villa,3,1991,2488888,30.06.2023,,
1978,Anya 2,9076,Villa,3,2039,2581888,30.06.2023,,
395,Azizi Mina,953,Apartment,1,1048.54,4684000,26.05.2023,,
395,Azizi Mina,954,Apartment,1,952.68,4936000,26.05.2023,,
395,Azizi Mina,956,Apartment,1,1058.83,5626000,26.05.2023,,
395,Azizi Mina,962,Apartment,1,975.49,5039000,26.05.2023,,
395,Azizi Mina,963,Apartment,1,971.54,5024000,26.05.2023,,
395,Azizi Mina,966,Apartment,1,974.97,5018000,26.05.2023,,
395,Azizi Mina,968,Apartment,1,1050.26,4697000,26.05.2023,,
395,Azizi Mina,969,Apartment,1,1036.68,4892000,26.05.2023,,
395,Azizi Mina,970,Apartment,1,1050.26,4699000,26.05.2023,,
395,Azizi Mina,975,Penthouse,3,3001.39,41376000,26.05.2023,,
1971,Binghatti ONYX,9067,Apartment,2,1595.96,2373750,25.05.2023,,
1971,Binghatti ONYX,9068,Apartment,2,1549.79,2748750,25.05.2023,,
1971,Binghatti ONYX,9069,Apartment,2,1605.33,2498750,25.05.2023,,
1971,Binghatti ONYX,9070,Apartment,2,1669.48,2873750,25.05.2023,,
1971,Binghatti ONYX,9071,Apartment,2,1729.22,2806250,25.05.2023,,
1230,Boulevard Heights,8506,Apartment,2,1936,4874888,13.12.2022,,
1914,Camelia,8924,Townhouse,3,1924.5,1327000,05.03.2023,,
1914,Camelia,8925,Townhouse,3,1975.41,1433000,05.03.2023,,
1914,Camelia,8926,Townhouse,4,2261.3,1499000,05.03.2023,,
1914,Camelia,8927,Townhouse,4,2327.28,1597000,05.03.2023,,
907,Cavalli Casa Tower,1911,Apartment,3,12548,76518000,26.05.2023,,
907,Cavalli Casa Tower,1923,Apartment,3,12464,76674000,26.05.2023,,
907,Cavalli Casa Tower,1935,Apartment,3,14565,81646000,26.05.2023,,
1849,Cavalli Couture,9158,Apartment,3,4074,22183000,30.06.2023,,
1849,Cavalli Couture,9159,Apartment,3,4144,22303000,30.06.2023,,
1849,Cavalli Couture,9160,Apartment,3,4146,22316000,30.06.2023,,
1849,Cavalli Couture,9161,Apartment,3,4258,23526000,30.06.2023,,
1849,Cavalli Couture,9162,Apartment,3,4300,24024000,30.06.2023,,
1849,Cavalli Couture,9163,Apartment,3,4320,24424000,30.06.2023,,
1849,Cavalli Couture,9164,Apartment,3,4423,24621000,30.06.2023,,
1849,Cavalli Couture,9165,Apartment,3,4146,22397000,30.06.2023,,
1849,Cavalli Couture,9166,Apartment,3,4326,24121000,30.06.2023,,
1849,Cavalli Couture,9168,Apartment,4,6061,33410000,30.06.2023,,
1849,Cavalli Couture,9169,Apartment,4,7269,33871000,30.06.2023,,
1977,Cedar,9081,Apartment,1,664,1484888,28.03.2023,,
1977,Cedar,9082,Apartment,1,665,1491888,28.03.2023,,
1977,Cedar,9083,Apartment,1,677,1428888,28.03.2023,,
1977,Cedar,9084,Apartment,1,708,1468888,28.03.2023,,
1977,Cedar,9085,Apartment,2,982,2027888,28.03.2023,,
1977,Cedar,9086,Apartment,2,998,2069888,28.03.2023,,
1977,Cedar,9087,Apartment,2,1007,2089888,28.03.2023,,
1977,Cedar,9088,Apartment,2,1010,2093888,28.03.2023,,
1977,Cedar,9089,Apartment,2,1009,2089888,28.03.2023,,
1977,Cedar,9090,Apartment,2,1014,2067888,28.03.2023,,
1977,Cedar,9091,Apartment,2,1031,2138888,28.03.2023,,
1977,Cedar,9092,Apartment,2,1015,2101888,28.03.2023,,
1977,Cedar,9093,Apartment,2,1019,2085888,24.03.2023,,
1977,Cedar,9094,Apartment,3,1578,3055888,28.03.2023,,
1977,Cedar,9095,Apartment,3,1475,3037888,28.03.2023,,
1977,Cedar,9096,Apartment,3,1476,3061888,28.03.2023,,
1977,Cedar,9097,Apartment,3,1691,3547888,28.03.2023,,
1705,Chic Tower,7484,Apartment,1,1716,4634000,30.06.2023,,
1705,Chic Tower,7485,Apartment,2,1524.17,4277000,30.06.2023,,
1705,Chic Tower,7486,Apartment,1,1736,4689000,30.06.2023,,
1705,Chic Tower,7487,Apartment,2,1541,4415000,30.06.2023,,
1705,Chic Tower,7488,Apartment,1,1765,4767000,30.06.2023,,
1705,Chic Tower,7489,Apartment,1,1788,4827000,30.06.2023,,
1705,Chic Tower,7490,Apartment,1,1803,4869000,30.06.2023,,
1705,Chic Tower,7491,Apartment,1,1915,5172000,30.06.2023,,
622,Creek Gate,1508,Apartment,3,1490,3867888,26.05.2023,,
622,Creek Gate,1509,Apartment,2,1047,2783888,26.05.2023,,
622,Creek Gate,8468,Apartment,3,1497,3889888,26.05.2023,,
622,Creek Gate,8469,Apartment,3,1496,3898888,26.05.2023,,
624,Creek Rise,1514,Apartment,1,819,2009888,26.05.2023,,
624,Creek Rise,1515,Apartment,1,831,2079888,26.05.2023,,
625,Creekside 18,1516,Apartment,3,1600,3370888,26.05.2023,,
1916,Damac Canal Heights,8816,Apartment,0,455,1279000,30.06.2023,,
1916,Damac Canal Heights,8818,Apartment,0,459,1294000,30.06.2023,,
1916,Damac Canal Heights,8820,Apartment,0,461,1296000,30.06.2023,,
1916,Damac Canal Heights,8823,Apartment,1,849,2175000,30.06.2023,,
1916,Damac Canal Heights,8824,Apartment,1,817,2508000,30.06.2023,,
1916,Damac Canal Heights,8825,Apartment,2,1299,3548000,30.06.2023,,
1916,Damac Canal Heights,8828,Apartment,2,1306,3552000,30.06.2023,,
1916,Damac Canal Heights,8829,Apartment,2,1307,3568000,30.06.2023,,
1916,Damac Canal Heights,8830,Apartment,2,1308,3546000,30.06.2023,,
1916,Damac Canal Heights,8834,Apartment,2,1321,3448000,30.06.2023,,
1916,Damac Canal Heights,8835,Apartment,2,1326,3635000,30.06.2023,,
1916,Damac Canal Heights,8836,Apartment,2,1327,3517000,30.06.2023,,
1916,Damac Canal Heights,8837,Apartment,2,1328,3534000,30.06.2023,,
1916,Damac Canal Heights,8838,Apartment,2,1330,3565000,30.06.2023,,
1916,Damac Canal Heights,8840,Apartment,2,1337,3569000,30.06.2023,,
1944,Damac Canal Heights 2,8843,Apartment,0,437,1228000,22.03.2023,,
1944,Damac Canal Heights 2,8844,Apartment,0,439,1265000,22.03.2023,,
1944,Damac Canal Heights 2,8845,Apartment,0,441,1244000,22.03.2023,,
1944,Damac Canal Heights 2,8846,Apartment,0,442,1265000,22.03.2023,,
1944,Damac Canal Heights 2,8847,Apartment,0,443,1247000,22.03.2023,,
1944,Damac Canal Heights 2,8848,Apartment,0,444,1248000,22.03.2023,,
1944,Damac Canal Heights 2,8849,Apartment,0,445,1268000,22.03.2023,,
1944,Damac Canal Heights 2,8850,Apartment,0,446,1259000,22.03.2023,,
1944,Damac Canal Heights 2,8851,Apartment,0,447,1256000,22.03.2023,,
1944,Damac Canal Heights 2,8852,Apartment,0,448,1272000,22.03.2023,,
1944,Damac Canal Heights 2,8853,Apartment,0,449,1290000,22.03.2023,,
1944,Damac Canal Heights 2,8854,Apartment,0,450,1291000,22.03.2023,,
1944,Damac Canal Heights 2,8855,Apartment,0,451,1291000,22.03.2023,,
1944,Damac Canal Heights 2,8856,Apartment,0,452,1271000,22.03.2023,,
1944,Damac Canal Heights 2,8857,Apartment,0,453,1292000,22.03.2023,,
1944,Damac Canal Heights 2,8858,Apartment,0,454,1294000,22.03.2023,,
1944,Damac Canal Heights 2,8859,Apartment,0,455,1293000,22.03.2023,,
1944,Damac Canal Heights 2,8860,Apartment,0,456,1309000,22.03.2023,,
1944,Damac Canal Heights 2,8861,Apartment,0,457,1309000,22.03.2023,,
1944,Damac Canal Heights 2,8862,Apartment,0,458,1293000,22.03.2023,,
1944,Damac Canal Heights 2,8863,Apartment,0,459,1303000,22.03.2023,,
1944,Damac Canal Heights 2,8864,Apartment,0,460,1301000,22.03.2023,,
1944,Damac Canal Heights 2,8865,Apartment,0,461,1309000,22.03.2023,,
1944,Damac Canal Heights 2,8866,Apartment,0,462,1313000,22.03.2023,,
1944,Damac Canal Heights 2,8867,Apartment,0,463,1319000,22.03.2023,,
1944,Damac Canal Heights 2,8868,Apartment,0,464,1347000,22.03.2023,,
1944,Damac Canal Heights 2,8869,Apartment,0,465,1387000,22.03.2023,,
1944,Damac Canal Heights 2,8870,Apartment,0,466,1402000,22.03.2023,,
1944,Damac Canal Heights 2,8871,Apartment,0,467,1350000,22.03.2023,,
1944,Damac Canal Heights 2,8872,Apartment,0,468,1350000,22.03.2023,,
1944,Damac Canal Heights 2,8873,Apartment,0,469,1361000,22.03.2023,,
1944,Damac Canal Heights 2,8874,Apartment,0,470,1391000,22.03.2023,,
1944,Damac Canal Heights 2,8875,Apartment,0,471,1386000,22.03.2023,,
1944,Damac Canal Heights 2,8876,Apartment,0,472,1393000,22.03.2023,,
1944,Damac Canal Heights 2,8877,Apartment,0,473,1397000,22.03.2023,,
1944,Damac Canal Heights 2,8878,Apartment,0,474,1402000,22.03.2023,,
1944,Damac Canal Heights 2,8879,Apartment,0,477,1374000,22.03.2023,,
1944,Damac Canal Heights 2,8880,Apartment,0,479,1390000,22.03.2023,,
1944,Damac Canal Heights 2,8881,Apartment,0,480,1388000,22.03.2023,,
1944,Damac Canal Heights 2,8882,Apartment,0,481,1386000,22.03.2023,,
1944,Damac Canal Heights 2,8883,Apartment,0,482,1374000,22.03.2023,,
1944,Damac Canal Heights 2,8884,Apartment,0,497,1412000,22.03.2023,,
1944,Damac Canal Heights 2,8885,Apartment,0,499,1422000,22.03.2023,,
1944,Damac Canal Heights 2,8886,Apartment,0,513,1467000,22.03.2023,,
1944,Damac Canal Heights 2,8887,Apartment,0,522,1505000,22.03.2023,,
1944,Damac Canal Heights 2,8888,Apartment,0,523,1501000,22.03.2023,,
1944,Damac Canal Heights 2,8889,Apartment,0,681,1982000,22.03.2023,,
1944,Damac Canal Heights 2,8890,Apartment,0,684,1991000,22.03.2023,,
1944,Damac Canal Heights 2,8891,Apartment,0,755,2205000,22.03.2023,,
1944,Damac Canal Heights 2,8892,Apartment,0,758,2205000,22.03.2023,,
1944,Damac Canal Heights 2,8893,Apartment,0,768,2204000,22.03.2023,,
1944,Damac Canal Heights 2,8894,Apartment,0,870,2376000,22.03.2023,,
1944,Damac Canal Heights 2,8895,Apartment,0,902,2427000,22.03.2023,,
1944,Damac Canal Heights 2,8896,Apartment,0,913,2511000,22.03.2023,,
1944,Damac Canal Heights 2,8897,Apartment,0,970,2582000,22.03.2023,,
1944,Damac Canal Heights 2,8898,Apartment,0,980,2606000,22.03.2023,,
1944,Damac Canal Heights 2,8899,Apartment,0,891,2620000,22.03.2023,,
1944,Damac Canal Heights 2,8900,Apartment,1,989,2641000,22.03.2023,,
1944,Damac Canal Heights 2,8901,Apartment,1,996,2691000,22.03.2023,,
1944,Damac Canal Heights 2,8902,Apartment,1,993,2712000,22.03.2023,,
1944,Damac Canal Heights 2,8903,Apartment,1,991,2715000,22.03.2023,,
1944,Damac Canal Heights 2,8904,Apartment,1,988,2717000,22.03.2023,,
1944,Damac Canal Heights 2,8905,Apartment,1,928,2720000,22.03.2023,,
1944,Damac Canal Heights 2,8906,Apartment,2,1304,3404000,22.03.2023,,
1944,Damac Canal Heights 2,8907,Apartment,2,1310,3433000,22.03.2023,,
1944,Damac Canal Heights 2,8908,Apartment,2,1325,3512000,22.03.2023,,
1944,Damac Canal Heights 2,8909,Apartment,2,1298,3570000,22.03.2023,,
1944,Damac Canal Heights 2,8910,Apartment,2,1328,3574000,22.03.2023,,
1944,Damac Canal Heights 2,8911,Apartment,2,1337,3597000,22.03.2023,,
1944,Damac Canal Heights 2,8912,Apartment,2,1316,3605000,22.03.2023,,
1944,Damac Canal Heights 2,8913,Apartment,2,1274,3708000,22.03.2023,,
1944,Damac Canal Heights 2,8914,Apartment,2,1287,3734000,22.03.2023,,
1944,Damac Canal Heights 2,8915,Apartment,2,1361,3880000,22.03.2023,,
1944,Damac Canal Heights 2,8916,Apartment,2,1435,4304000,22.03.2023,,
1944,Damac Canal Heights 2,8917,Apartment,2,1460,4367000,22.03.2023,,
1944,Damac Canal Heights 2,8918,Apartment,2,1490,4409000,22.03.2023,,
1944,Damac Canal Heights 2,8919,Apartment,2,1559,4554000,22.03.2023,,
1944,Damac Canal Heights 2,8920,Apartment,2,1816,4485000,22.03.2023,,
1944,Damac Canal Heights 2,8921,Apartment,2,1807,4391000,22.03.2023,,
1944,Damac Canal Heights 2,8922,Apartment,3,2180,5777000,22.03.2023,,
1944,Damac Canal Heights 2,8923,Apartment,2,3992,10019000,22.03.2023,,
558,Damac Towers by Paramount,1291,Apartment,1,1123,2718450,26.05.2023,,
558,Damac Towers by Paramount,1295,Apartment,1,1154.75,2764650,26.05.2023,,
558,Damac Towers by Paramount,1296,Apartment,1,1065.09,2584000,26.05.2023,,
558,Damac Towers by Paramount,1306,Apartment,1,1058.52,2649150,26.05.2023,,
1958,Design Quarter,9127,Apartment,2,1176,2775000,27.03.2023,,
1958,Design Quarter,9128,Apartment,2,1184,2825000,27.03.2023,,
1958,Design Quarter,9129,Apartment,1,808,1965000,27.03.2023,,
1958,Design Quarter,9130,Apartment,1,796,1916000,27.03.2023,,
1958,Design Quarter,9131,Apartment,1,811,1974000,27.03.2023,,
1665,Ellington Beach House,7347,Apartment,2,1621.9,9202828,29.06.2023,,
1665,Ellington Beach House,7348,Apartment,1,1256.36,6958828,29.06.2023,,
1665,Ellington Beach House,7353,Apartment,2,1417.71,7349828,29.06.2023,,
1665,Ellington Beach House,7355,Apartment,2,1424.17,7444828,29.06.2023,,
1919,Elvira,8928,Apartment,2,1063,2220888,30.06.2023,,
1919,Elvira,8929,Apartment,2,1064,2219888,30.06.2023,,
1919,Elvira,8930,Apartment,2,1065,2213888,30.06.2023,,
1919,Elvira,8931,Apartment,2,1102,2290888,30.06.2023,,
1919,Elvira,8932,Apartment,2,1141,2258888,30.06.2023,,
1919,Elvira,8933,Apartment,2,1142,2262888,30.06.2023,,
1919,Elvira,8937,Apartment,3,1673,3778888,30.06.2023,,
1975,Fairmont Residences,8999,Apartment,2,1654.09,7030000,15.03.2023,,
1975,Fairmont Residences,9000,Apartment,2,1655.38,7077000,15.03.2023,,
1975,Fairmont Residences,9001,Apartment,2,1664.21,7032000,15.03.2023,,
1975,Fairmont Residences,9002,Apartment,2,1672.39,7066000,15.03.2023,,
1975,Fairmont Residences,9003,Apartment,2,1677.88,7131000,15.03.2023,,
1975,Fairmont Residences,9004,Apartment,2,1703.71,7156000,15.03.2023,,
1975,Fairmont Residences,9005,Apartment,2,1712.43,7450000,15.03.2023,,
1975,Fairmont Residences,9006,Apartment,2,1755.92,7463000,15.03.2023,,
1975,Fairmont Residences,9007,Apartment,2,1757.96,7296000,15.03.2023,,
1975,Fairmont Residences,9008,Apartment,2,1768.73,7385000,15.03.2023,,
1975,Fairmont Residences,9009,Apartment,3,2382.59,10130000,15.03.2023,,
1975,Fairmont Residences,9010,Apartment,3,2384.1,9660000,15.03.2023,,
1975,Fairmont Residences,9011,Apartment,3,2389.37,10215000,15.03.2023,,
1975,Fairmont Residences,9012,Apartment,3,2394.86,10298000,15.03.2023,,
1975,Fairmont Residences,9013,Apartment,3,2411.12,10490000,15.03.2023,,
1975,Fairmont Residences,9014,Apartment,3,2414.35,10450000,15.03.2023,,
1975,Fairmont Residences,9015,Apartment,3,2458.91,10020000,15.03.2023,,
1975,Fairmont Residences,9016,Apartment,3,2463.64,10110000,15.03.2023,,
1975,Fairmont Residences,9017,Apartment,3,2466.01,10234000,15.03.2023,,
1975,Fairmont Residences,9018,Apartment,3,2482.91,10243000,15.03.2023,,
60,Golf Town,387,Apartment,1,1318.47,1611000,25.05.2023,,
139,Golf Views,8429,Apartment,2,1000,1250888,13.12.2022,,
139,Golf Views,8430,Apartment,2,1001,1149888,13.12.2022,,
139,Golf Views,8431,Apartment,2,1003,1295888,13.12.2022,,
139,Golf Views,8432,Apartment,2,1312,1210888,13.12.2022,,
139,Golf Views,8433,Apartment,3,1541,2010888,13.12.2022,,
139,Golf Views,8434,Apartment,3,1545,2015888,13.12.2022,,
139,Golf Views,8435,Apartment,3,1546,2028888,13.12.2022,,
139,Golf Views,8436,Apartment,3,1727,2043888,13.12.2022,,
139,Golf Views,8437,Apartment,3,2291,2197888,13.12.2022,,
139,Golf Views,8438,Apartment,4,2602,3172888,13.12.2022,,
634,Harbour Gate,1531,Apartment,3,1640,3986888,26.05.2023,,
634,Harbour Gate,1532,Apartment,3,1639,3976888,26.05.2023,,
1667,Hills Park,8645,Apartment,2,998,1749888,13.12.2022,,
1946,Jomana,9132,Apartment,3,2753,5892000,06.03.2023,,
1946,Jomana,9133,Apartment,3,2189,6008000,06.03.2023,,
1946,Jomana,9134,Apartment,3,2324,6061000,06.03.2023,,
1946,Jomana,9135,Apartment,3,2186,7247000,06.03.2023,,
1946,Jomana,9136,Apartment,3,2187,6028000,06.03.2023,,
1946,Jomana,9137,Apartment,3,2344,6207000,06.03.2023,,
1681,Jumeirah Living,7421,Apartment,2,1655.17,7472000,26.05.2023,,
1681,Jumeirah Living,7423,Apartment,2,1761.52,8963000,26.05.2023,,
1681,Jumeirah Living,7432,Apartment,3,2418.65,12909000,26.05.2023,,
1681,Jumeirah Living,7456,Apartment,3,2713.15,11975000,26.05.2023,,
1681,Jumeirah Living,7460,Apartment,4,3490.63,16527000,26.05.2023,,
1681,Jumeirah Living,7462,Penthouse,4,4503.3,21327000,26.05.2023,,
1681,Jumeirah Living,7463,Penthouse,5,4860.55,27398000,26.05.2023,,
1908,Keturah Reserve,8527,Apartment,2,1541,4376000,26.06.2023,,
1908,Keturah Reserve,8528,Apartment,2,1620,4618000,26.06.2023,,
1908,Keturah Reserve,8530,Apartment,2,2070,5758000,26.06.2023,,
1908,Keturah Reserve,8531,Apartment,2,2138,6717000,26.06.2023,,
1908,Keturah Reserve,8533,Apartment,2,2155,6537000,26.06.2023,,
1908,Keturah Reserve,8534,Apartment,2,2235,6268000,26.06.2023,,
1908,Keturah Reserve,8535,Apartment,2,2320,7117000,26.06.2023,,
1908,Keturah Reserve,8540,Townhouse,4,5307.02,13661000,26.06.2023,,
1908,Keturah Reserve,8542,Townhouse,5,8892.86,23401000,26.06.2023,,
1908,Keturah Reserve,8547,Apartment,1,1115.15,3138000,26.06.2023,,
1908,Keturah Reserve,8548,Apartment,1,1148.22,3247000,26.06.2023,,
1908,Keturah Reserve,8549,Apartment,1,1267.36,3464000,26.06.2023,,
668,Lamtara,8504,Apartment,4,2731,13900000,27.01.2023,,
668,Lamtara,8505,Apartment,4,2661,14850000,27.01.2023,,
668,Lamtara,8506,Apartment,4,2662,16950000,27.01.2023,,
668,Lamtara,8507,Apartment,3,2007,10700000,27.01.2023,,
668,Lamtara,8508,Apartment,3,2473,14900000,27.01.2023,,
668,Lamtara,8509,Apartment,3,1844,12250000,27.01.2023,,
1660,Lime Gardens,8634,Apartment,3,1387,3109888,13.12.2022,,
1837,LIV Lux,7946,Apartment,2,1545,4319548,26.05.2023,,
1837,LIV Lux,7949,Apartment,2,1626,4779548,26.05.2023,,
1837,LIV Lux,7954,Apartment,4,3306,9999548,26.05.2023,,
1837,LIV Lux,7955,Penthouse,4,7269,23999548,26.05.2023,,
1837,LIV Lux,7956,Penthouse,5,15270,74999548,26.05.2023,,
1877,Liv Marina,8682,Apartment,1,872,3199000,18.05.2023,,
1877,Liv Marina,8685,Apartment,2,1309,4569548,18.05.2023,,
1877,Liv Marina,8686,Apartment,3,2115,6799548,18.05.2023,,
1877,Liv Marina,8687,Penthouse,4,6809,24999000,18.05.2023,,
529,Majestine by Damac Maison,1009,Apartment,0,899,1540000,26.05.2023,,
529,Majestine by Damac Maison,1012,Apartment,0,902,1425000,26.05.2023,,
529,Majestine by Damac Maison,1015,Apartment,1,969,1791000,26.05.2023,,
529,Majestine by Damac Maison,1080,Apartment,1,1361,2164000,26.05.2023,,
529,Majestine by Damac Maison,1083,Apartment,1,1620,2515000,26.05.2023,,
1976,Mar Casa,9115,Penthouse,3,2820,5522400,16.03.2023,,
1976,Mar Casa,9116,Penthouse,4,2910,5222400,16.03.2023,,
1976,Mar Casa,9117,Penthouse,3,2920,5232600,16.03.2023,,
1976,Mar Casa,9118,Apartment,2,2285,4182000,16.03.2023,,
1802,Marina Living,7637,Apartment,2,1186.73,2562787,29.06.2023,,
1802,Marina Living,7638,Apartment,2,1212,2814501,29.06.2023,,
1802,Marina Living,7639,Apartment,1,773,1887406,29.06.2023,,
1802,Marina Living,7640,Apartment,1,849,2072058,29.06.2023,,
1802,Marina Living,7644,Apartment,1,782.34,1899204,29.06.2023,,
1802,Marina Living,7660,Apartment,1,771.71,1894076,29.06.2023,,
1903,One Crescent,8761,Penthouse,3,4400,15000000,20.01.2023,,
1903,One Crescent,8762,Penthouse,3,4400,15000000,20.01.2023,,
1903,One Crescent,8763,Apartment,5,7491,32500000,20.01.2023,,
1903,One Crescent,8764,Penthouse,4,5460,22500000,20.01.2023,,
1903,One Crescent,8765,Apartment,5,7491,35000000,20.01.2023,,
1903,One Crescent,8766,Apartment,3,5410,17000000,20.01.2023,,
1903,One Crescent,8767,Apartment,3,3750,15000000,20.01.2023,,
1955,Opal Gardens,9037,Townhouse,4,3507,4283800,27.03.2023,,
1955,Opal Gardens,9038,Townhouse,4,4851,5959800,27.03.2023,,
1246,Palm Beach Towers,4306,Apartment,1,1069,4148800,26.05.2023,,
1246,Palm Beach Towers,4307,Apartment,1,1168,4228800,26.05.2023,,
577,Paramount Tower Hotel & Residences,1422,Apartment,1,1052.5,2613850,26.05.2023,,
577,Paramount Tower Hotel & Residences,1429,Apartment,1,1052.39,2621850,26.05.2023,,
577,Paramount Tower Hotel & Residences,1462,Apartment,1,1049.8,2613450,26.05.2023,,
577,Paramount Tower Hotel & Residences,1468,Apartment,1,1048.51,2608200,26.05.2023,,
577,Paramount Tower Hotel & Residences,1503,Apartment,1,1045.94,2606100,26.05.2023,,
1901,Park Horizon,8693,Apartment,3,1356,3242888,26.05.2023,,
1901,Park Horizon,8694,Apartment,3,1358,3234888,26.05.2023,,
1176,Peninsula Four,2257,Apartment,4,4456.04,14842000,26.05.2023,,
1176,Peninsula Four,2258,Apartment,4,4456.9,14555000,26.05.2023,,
1176,Peninsula Four,2323,Apartment,3,1664.32,4771000,26.05.2023,,
1176,Peninsula Four,2327,Apartment,3,2866.21,12781000,26.05.2023,,
1176,Peninsula Four,2328,Apartment,4,3590.63,14181000,26.05.2023,,
1176,Peninsula Four,2363,Apartment,1,834.2,2624000,26.05.2023,,
1176,Peninsula Four,2443,Apartment,2,1216,3789000,26.05.2023,,
775,Residence 110,8510,Apartment,0,1234.3,2839000,09.01.2023,,
775,Residence 110,8511,Apartment,1,1018.05,1863000,09.01.2023,,
775,Residence 110,8512,Apartment,1,1023.22,2026000,09.01.2023,,
775,Residence 110,8513,Apartment,1,1044.64,1818000,09.01.2023,,
775,Residence 110,8514,Apartment,1,1045.71,1830000,09.01.2023,,
775,Residence 110,8515,Apartment,1,1106.21,1980000,09.01.2023,,
775,Residence 110,8516,Apartment,1,1107.71,2116000,09.01.2023,,
775,Residence 110,8517,Apartment,1,1108.36,1984000,09.01.2023,,
775,Residence 110,8518,Apartment,2,1234.62,2625000,09.01.2023,,
775,Residence 110,8519,Apartment,2,1235.8,2274000,09.01.2023,,
775,Residence 110,8520,Apartment,2,1465.29,2681000,09.01.2023,,
775,Residence 110,8521,Apartment,2,1465.61,2873000,09.01.2023,,
775,Residence 110,8522,Apartment,3,1722.55,2911000,09.01.2023,,
775,Residence 110,8523,Apartment,3,1784.98,3374000,09.01.2023,,
775,Residence 110,8524,Apartment,3,1785.52,3232000,09.01.2023,,
775,Residence 110,8525,Apartment,3,1950.2,3296000,09.01.2023,,
775,Residence 110,8526,Apartment,3,2990.32,6997000,09.01.2023,,
1666,Rukan Building,7366,Apartment,2,1348,1399000,29.06.2023,,
1666,Rukan Building,7367,Apartment,3,1478.67,1385500,29.06.2023,,
1666,Rukan Building,7406,Apartment,3,1479,1438000,29.06.2023,,
1666,Rukan Building,7408,Apartment,3,1478,1438000,29.06.2023,,
1318,Rukan Tower,4432,Apartment,1,784.56,622500,26.05.2023,,
1318,Rukan Tower,4435,Apartment,1,832.05,666490,26.05.2023,,
1318,Rukan Tower,4441,Apartment,1,889,707990,26.05.2023,,
1318,Rukan Tower,4460,Apartment,1,797.71,777000,26.05.2023,,
1318,Rukan Tower,4461,Apartment,2,1187,1103000,26.05.2023,,
1318,Rukan Tower,4469,Apartment,1,884.34,855000,26.05.2023,,
1318,Rukan Tower,4470,Apartment,1,1000.37,855000,26.05.2023,,
1318,Rukan Tower,4471,Apartment,1,774.66,751000,26.05.2023,,
1217,S Tower by Sobha,8505,Apartment,4,4947.2,15885237,23.12.2022,,
1652,Safa One,5667,Apartment,1,839.05,2724000,26.05.2023,,
1652,Safa One,5714,Apartment,2,1711,4399000,26.05.2023,,
1652,Safa One,5737,Apartment,1,1141,2949000,26.05.2023,,
1652,Safa One,5899,Apartment,1,1142.8,2956000,26.05.2023,,
1652,Safa One,5964,Apartment,2,1221.38,3156000,26.05.2023,,
1652,Safa One,5967,Apartment,2,1229.78,3118000,26.05.2023,,
1652,Safa One,8510,Apartment,2,1437.2,3644000,26.05.2023,,
1652,Safa One,8515,Apartment,2,1948.16,5840000,26.05.2023,,
1652,Safa One,8518,Apartment,3,2376.56,7038000,26.05.2023,,
1652,Safa One,8519,Apartment,2,2436.41,6828000,26.05.2023,,
1652,Safa One,8521,Apartment,3,2675.26,6988000,26.05.2023,,
1655,Safa Two,6213,Apartment,3,1750.32,3466000,26.05.2023,,
1655,Safa Two,6214,Apartment,3,1824.48,3622000,26.05.2023,,
1655,Safa Two,6215,Apartment,3,1677.02,3673000,26.05.2023,,
1655,Safa Two,6217,Apartment,3,1711.03,3713000,26.05.2023,,
1655,Safa Two,6218,Apartment,3,1754.19,3719000,26.05.2023,,
1655,Safa Two,6219,Apartment,3,1739.99,3741000,26.05.2023,,
1655,Safa Two,6220,Apartment,3,1714.58,3764000,26.05.2023,,
1655,Safa Two,6221,Apartment,3,1738.37,3790000,26.05.2023,,
1655,Safa Two,6249,Apartment,1,946.9,3002000,26.05.2023,,
1655,Safa Two,6311,Apartment,2,1112.13,2881000,26.05.2023,,
1655,Safa Two,6312,Apartment,2,1295.44,4198000,26.05.2023,,
1655,Safa Two,6313,Apartment,2,1299.2,4366000,26.05.2023,,
1655,Safa Two,6314,Apartment,2,1307.71,4211000,26.05.2023,,
1655,Safa Two,6315,Apartment,2,1307.92,2741000,26.05.2023,,
1655,Safa Two,6316,Apartment,2,1308.03,4265000,26.05.2023,,
1655,Safa Two,6317,Apartment,2,1309.86,4349000,26.05.2023,,
1655,Safa Two,6318,Apartment,2,1320.84,4333000,26.05.2023,,
1655,Safa Two,6319,Apartment,2,1327.62,4435000,26.05.2023,,
1655,Safa Two,6320,Apartment,2,1332.14,2891000,26.05.2023,,
1655,Safa Two,6321,Apartment,2,1336.34,4410000,26.05.2023,,
1655,Safa Two,6322,Apartment,2,1346.13,4524000,26.05.2023,,
1655,Safa Two,6323,Apartment,2,1350.66,2837000,26.05.2023,,
1655,Safa Two,6324,Apartment,2,1352.7,4491000,26.05.2023,,
1655,Safa Two,6325,Apartment,2,1361.63,3057000,26.05.2023,,
1655,Safa Two,6326,Apartment,2,1363.14,3872000,26.05.2023,,
1655,Safa Two,6327,Apartment,2,1365.19,4205000,26.05.2023,,
1655,Safa Two,6328,Apartment,2,1370.35,4577000,26.05.2023,,
1655,Safa Two,6329,Apartment,2,1381.44,4559000,26.05.2023,,
1655,Safa Two,6330,Apartment,2,1382.41,3035000,26.05.2023,,
1655,Safa Two,6331,Apartment,2,1388.11,4665000,26.05.2023,,
1655,Safa Two,6332,Apartment,2,1398.99,4673000,26.05.2023,,
1655,Safa Two,6333,Apartment,2,1402.43,2875000,26.05.2023,,
1655,Safa Two,6334,Apartment,2,1406.84,4390000,26.05.2023,,
1655,Safa Two,6335,Apartment,2,1412.12,4039000,26.05.2023,,
1655,Safa Two,6336,Apartment,2,1425.68,4221000,26.05.2023,,
1655,Safa Two,6337,Apartment,2,1426.86,3090000,26.05.2023,,
1655,Safa Two,6338,Apartment,3,1747.52,3845000,26.05.2023,,
1655,Safa Two,6339,Apartment,2,1427.19,4368000,26.05.2023,,
1655,Safa Two,6340,Apartment,2,1453.88,3272000,26.05.2023,,
1655,Safa Two,6341,Apartment,3,1823.51,3875000,26.05.2023,,
1655,Safa Two,6342,Apartment,2,1464.54,4218000,26.05.2023,,
1655,Safa Two,6343,Apartment,2,1467.77,4066000,26.05.2023,,
1655,Safa Two,6344,Apartment,3,1800.8,3881000,26.05.2023,,
1655,Safa Two,6345,Apartment,3,1802.95,3922000,26.05.2023,,
1655,Safa Two,6346,Apartment,2,1483.16,4139000,26.05.2023,,
1655,Safa Two,6347,Apartment,2,1493.38,4809000,26.05.2023,,
1655,Safa Two,6348,Apartment,2,1498.44,3394000,26.05.2023,,
1655,Safa Two,6349,Apartment,2,1500.7,3617000,26.05.2023,,
1655,Safa Two,6350,Apartment,3,1822.01,3982000,26.05.2023,,
1655,Safa Two,6351,Apartment,2,1503.61,3308000,26.05.2023,,
1655,Safa Two,6352,Apartment,3,1793.38,4009000,26.05.2023,,
1655,Safa Two,6353,Apartment,2,1520.4,4030000,26.05.2023,,
1655,Safa Two,6354,Apartment,3,1822.44,4046000,26.05.2023,,
1655,Safa Two,6355,Apartment,3,1839.12,4056000,26.05.2023,,
1655,Safa Two,6356,Apartment,3,1829.22,4080000,26.05.2023,,
1655,Safa Two,6357,Apartment,2,1523.63,3474000,26.05.2023,,
1655,Safa Two,6358,Apartment,3,1859.68,4120000,26.05.2023,,
1655,Safa Two,6359,Apartment,2,1530.52,4439000,26.05.2023,,
1655,Safa Two,6360,Apartment,3,1867.97,4129000,26.05.2023,,
1655,Safa Two,6361,Apartment,2,1552.26,3710000,26.05.2023,,
1655,Safa Two,6362,Apartment,3,1592.84,4301000,26.05.2023,,
1655,Safa Two,6363,Apartment,3,1685.95,4519000,26.05.2023,,
1655,Safa Two,6364,Apartment,2,1564.1,3481000,26.05.2023,,
1655,Safa Two,6365,Apartment,3,1746.44,4646000,26.05.2023,,
1655,Safa Two,6366,Apartment,3,1711.78,4845000,26.05.2023,,
1655,Safa Two,6367,Apartment,3,1699.51,4912000,26.05.2023,,
1655,Safa Two,6368,Apartment,3,1854.3,5137000,26.05.2023,,
1655,Safa Two,6369,Apartment,3,1685.52,5242000,26.05.2023,,
1655,Safa Two,6370,Apartment,2,1586.49,3507000,26.05.2023,,
1655,Safa Two,6371,Apartment,2,1672.6,5386000,26.05.2023,,
1655,Safa Two,6372,Apartment,3,1835.57,5525000,26.05.2023,,
1655,Safa Two,6373,Apartment,2,1673.25,5355000,26.05.2023,,
1655,Safa Two,6374,Apartment,3,1803.49,5573000,26.05.2023,,
1655,Safa Two,6375,Apartment,3,2108.11,6768000,26.05.2023,,
1655,Safa Two,6376,Apartment,3,2334.48,9525000,26.05.2023,,
1655,Safa Two,6377,Apartment,2,1767.86,5799000,26.05.2023,,
1655,Safa Two,6378,Apartment,3,2351.27,9594000,26.05.2023,,
1655,Safa Two,6379,Apartment,2,1921.36,6456000,26.05.2023,,
1655,Safa Two,6380,Apartment,2,2290.34,8543000,26.05.2023,,
1655,Safa Two,6381,Apartment,2,2454.39,9401000,26.05.2023,,
1655,Safa Two,6384,Apartment,2,2473.55,9474000,26.05.2023,,
1655,Safa Two,6385,Apartment,2,2605.62,9980000,26.05.2023,,
1655,Safa Two,6389,Apartment,2,2678.06,10257000,26.05.2023,,
1655,Safa Two,6448,Apartment,1,1017.51,3287000,26.05.2023,,
1655,Safa Two,6626,Apartment,1,1047.76,3469000,26.05.2023,,
1655,Safa Two,6815,Apartment,1,1099.32,3727000,26.05.2023,,
1655,Safa Two,6874,Apartment,2,1298.24,4366000,26.05.2023,,
1655,Safa Two,6983,Apartment,2,1143.99,3707000,26.05.2023,,
1655,Safa Two,7014,Apartment,1,1158.73,3905000,26.05.2023,,
1655,Safa Two,7164,Apartment,2,1274.99,4182000,26.05.2023,,
1655,Safa Two,7178,Apartment,1,775.75,2643000,26.05.2023,,
1655,Safa Two,7192,Apartment,1,1228.05,3918000,26.05.2023,,
1655,Safa Two,7263,Apartment,2,1185.54,3344000,26.05.2023,,
1655,Safa Two,8542,Apartment,1,800.73,2699000,26.05.2023,,
1655,Safa Two,8545,Apartment,1,818.69,2792000,26.05.2023,,
1655,Safa Two,8550,Apartment,1,897.82,2452000,26.05.2023,,
1655,Safa Two,8551,Apartment,2,1069.39,2931000,26.05.2023,,
1655,Safa Two,8565,Apartment,2,1242.26,3901000,26.05.2023,,
1966,Savanna,9100,Apartment,2,1025,2089888,30.06.2023,,
1966,Savanna,9101,Apartment,2,1046,2110888,30.06.2023,,
1966,Savanna,9102,Apartment,2,1057,2230888,30.06.2023,,
1966,Savanna,9103,Apartment,3,1488,3063888,30.06.2023,,
1966,Savanna,9105,Apartment,3,1613,3248888,30.06.2023,,
1966,Savanna,9106,Apartment,3,1701,3547888,30.06.2023,,
1905,Seascape,8705,Apartment,3,2651,4551888,30.06.2023,,
1905,Seascape,8706,Apartment,3,2641,4545888,30.06.2023,,
1905,Seascape,8707,Apartment,3,2625,4540888,30.06.2023,,
1905,Seascape,8708,Apartment,3,2620,4537888,30.06.2023,,
1208,Six Senses,3107,Penthouse,4,3414.85,28400000,26.05.2023,,
1208,Six Senses,3115,Penthouse,4,5516.29,49000000,26.05.2023,,
1926,SO Residence,8949,Apartment,1,700,1794847,09.03.2023,,
1926,SO Residence,8950,Apartment,1,760,2669117,09.03.2023,,
1926,SO Residence,8951,Apartment,1,761,2671763,09.03.2023,,
1926,SO Residence,8952,Apartment,1,762,2717433,09.03.2023,,
1926,SO Residence,8953,Apartment,1,763,2908865,09.03.2023,,
1926,SO Residence,8954,Apartment,1,769,2671393,09.03.2023,,
1926,SO Residence,8955,Apartment,1,776,2819230,09.03.2023,,
1926,SO Residence,8956,Apartment,1,779,2905985,09.03.2023,,
1926,SO Residence,8957,Apartment,1,799,2689067,09.03.2023,,
1926,SO Residence,8958,Apartment,1,794,2490913,09.03.2023,,
1926,SO Residence,8959,Apartment,1,783,2416675,09.03.2023,,
1926,SO Residence,8960,Apartment,1,784,2702310,09.03.2023,,
1926,SO Residence,8961,Apartment,1,793,2816077,09.03.2023,,
1926,SO Residence,8962,Apartment,1,795,2674265,09.03.2023,,
1926,SO Residence,8963,Apartment,1,792,2589082,09.03.2023,,
1926,SO Residence,8964,Apartment,1,957,2767198,09.03.2023,,
1926,SO Residence,8965,Apartment,1,832,2260837,09.03.2023,,
1926,SO Residence,8966,Apartment,1,801,2662449,09.03.2023,,
1926,SO Residence,8967,Apartment,1,994,2510940,09.03.2023,,
1926,SO Residence,8968,Apartment,1,872,2681235,09.03.2023,,
1926,SO Residence,8969,Apartment,1,927,2516364,09.03.2023,,
1926,SO Residence,8970,Apartment,1,1007,3161193,09.03.2023,,
1926,SO Residence,8971,Apartment,1,1186,3547499,09.03.2023,,
1926,SO Residence,8972,Apartment,1,1039,3650896,09.03.2023,,
1926,SO Residence,8973,Apartment,1,1136,3564326,09.03.2023,,
1926,SO Residence,8974,Apartment,2,1261,4981374,09.03.2023,,
1926,SO Residence,8975,Apartment,2,1286,3851913,09.03.2023,,
1926,SO Residence,8976,Apartment,2,1186,3831412,09.03.2023,,
1926,SO Residence,8977,Apartment,2,1220,4384231,09.03.2023,,
1926,SO Residence,8978,Apartment,1,1238,4001686,09.03.2023,,
1926,SO Residence,8979,Apartment,2,1487,4099662,09.03.2023,,
1926,SO Residence,8980,Apartment,2,1457,3955962,09.03.2023,,
1926,SO Residence,8981,Apartment,2,1375,5215696,09.03.2023,,
1926,SO Residence,8982,Apartment,2,1324,4663026,09.03.2023,,
1926,SO Residence,8983,Apartment,2,1273,4398848,09.03.2023,,
1926,SO Residence,8984,Apartment,2,1952,5394454,09.03.2023,,
1926,SO Residence,8985,Apartment,2,1652,4979820,09.03.2023,,
1926,SO Residence,8986,Apartment,2,1702,5130390,09.03.2023,,
1926,SO Residence,8987,Apartment,2,1593,4716322,09.03.2023,,
1926,SO Residence,8988,Apartment,2,1513,5833180,09.03.2023,,
1926,SO Residence,8989,Apartment,2,2061,6399319,09.03.2023,,
1926,SO Residence,8990,Apartment,2,2029,6482515,09.03.2023,,
1926,SO Residence,8991,Apartment,2,2041,6182912,09.03.2023,,
1926,SO Residence,8992,Apartment,2,2051,6032270,09.03.2023,,
1848,Sobha One,8158,Apartment,1,675.11,1647973,01.12.2022,,
1848,Sobha One,8181,Apartment,2,1034.63,2341552,01.12.2022,,
1848,Sobha One,8196,Apartment,2,1034.61,2565537,01.12.2022,,
1848,Sobha One,8197,Apartment,2,1025.05,2577023,01.12.2022,,
1848,Sobha One,8211,Apartment,2,1701.76,4024741,01.12.2022,,
1848,Sobha One,8231,Apartment,3,1642.57,4669972,01.12.2022,,
1848,Sobha One,8244,Apartment,4,2080.88,4839093,01.12.2022,,
1848,Sobha One,8257,Apartment,4,2172.85,5027074,01.12.2022,,
1848,Sobha One,8258,Apartment,4,2176.53,5034949,01.12.2022,,
1848,Sobha One,8261,Apartment,4,2227.74,5066258,01.12.2022,,
1848,Sobha One,8266,Apartment,3,1708.66,5244692,01.12.2022,,
1848,Sobha One,8270,Apartment,4,2084.43,5444994,01.12.2022,,
1848,Sobha One,8339,Apartment,1,681.28,1468158,21.11.2022,,
1848,Sobha One,8341,Apartment,1,549.02,1183138,21.11.2022,,
1848,Sobha One,8342,Apartment,1,553.41,1206434,21.11.2022,,
1848,Sobha One,8343,Apartment,1,537.63,1172033,21.11.2022,,
1848,Sobha One,8344,Apartment,1,539.72,1176590,21.11.2022,,
1848,Sobha One,8346,Apartment,2,1016.24,2189997,21.11.2022,,
1848,Sobha One,8348,Apartment,1,676.98,1441967,21.11.2022,,
1848,Sobha One,8349,Apartment,1,635.38,1396624,01.12.2022,,
1848,Sobha One,8354,Apartment,1,630.99,1370885,01.12.2022,,
1848,Sobha One,8356,Apartment,2,968.11,2083292,01.12.2022,,
1982,Sobha Reserve,9149,Villa,4,4983.22,8685752,05.04.2023,,
1982,Sobha Reserve,9150,Villa,4,4991.15,8574796,05.04.2023,,
1982,Sobha Reserve,9151,Villa,4,4997.94,8711409,05.04.2023,,
1982,Sobha Reserve,9152,Villa,5,5683.87,9906985,05.04.2023,,
1982,Sobha Reserve,9153,Villa,5,5696.58,9786724,05.04.2023,,
1982,Sobha Reserve,9154,Villa,5,5704.12,9799678,05.04.2023,,
1982,Sobha Reserve,9155,Villa,5,5746.53,10016202,05.04.2023,,
1921,Sobha Verde,8768,Apartment,1,734.42,2014961,16.03.2023,,
1921,Sobha Verde,8769,Apartment,1,896.53,2176125,16.03.2023,,
1921,Sobha Verde,8770,Apartment,1,896.74,2408491,16.03.2023,,
1921,Sobha Verde,8806,Apartment,2,909.44,2328241,16.03.2023,,
1921,Sobha Verde,8807,Apartment,1,917.62,2252096,16.03.2023,,
1921,Sobha Verde,8808,Apartment,2,1234.19,2868474,16.03.2023,,
1921,Sobha Verde,8809,Apartment,2,1234.84,3158268,16.03.2023,,
1921,Sobha Verde,8810,Apartment,2,1267.34,3115390,16.03.2023,,
1921,Sobha Verde,8811,Apartment,3,1646.77,4159344,16.03.2023,,
377,The 8,8441,Apartment,1,854,4480500,18.05.2023,,
377,The 8,8442,Apartment,1,855,4583000,18.05.2023,,
377,The 8,8443,Apartment,1,1008,4017000,18.05.2023,,
377,The 8,8444,Apartment,1,1149,5098500,18.05.2023,,
377,The 8,8445,Apartment,2,1212,6231500,18.05.2023,,
377,The 8,8449,Apartment,2,1234,5150000,18.05.2023,,
377,The 8,8451,Apartment,2,1236,6643500,18.05.2023,,
377,The 8,8452,Apartment,2,1237,5098500,18.05.2023,,
377,The 8,8453,Apartment,2,1241,4696800,18.05.2023,,
377,The 8,8454,Apartment,1,1270,4635000,18.05.2023,,
377,The 8,8455,Apartment,2,1376,7158500,18.05.2023,,
623,The Cove,1510,Apartment,3,1840,4492888,26.05.2023,,
623,The Cove,1511,Apartment,2,1658,3461888,26.05.2023,,
623,The Cove,1512,Apartment,2,1204,2908888,26.05.2023,,
1282,UPSIDE Living by SRG,8940,Apartment,0,395.68,1025888,19.06.2023,,
1282,UPSIDE Living by SRG,8941,Apartment,0,474.04,1180888,19.06.2023,,
1282,UPSIDE Living by SRG,8943,Apartment,0,513.87,1268888,19.06.2023,,
1282,UPSIDE Living by SRG,8946,Apartment,0,568.12,1348888,19.06.2023,,
1282,UPSIDE Living by SRG,8947,Apartment,1,651.22,1607888,19.06.2023,,
1282,UPSIDE Living by SRG,8948,Apartment,1,659.07,1874888,19.06.2023,,
140,Urbana I,936,Apartment,2,1205,1208888,25.05.2023,,
122,Urbana III,873,Apartment,2,1159,1201888,25.05.2023,,
122,Urbana III,879,Apartment,2,1214,1236888,25.05.2023,,
122,Urbana III,890,Apartment,2,1214,1219888,25.05.2023,,
122,Urbana III,906,Apartment,2,1159,1241888,25.05.2023,,
1843,Waves Opulence,9039,Apartment,2,1502.11,2854009,30.06.2023,,
1843,Waves Opulence,9040,Apartment,2,1614.81,2987399,30.06.2023,,
1843,Waves Opulence,9043,Apartment,3,1748.6,3322340,30.06.2023,,
1843,Waves Opulence,9045,Apartment,3,1856.02,3526438,30.06.2023,,
1843,Waves Opulence,9048,Apartment,3,2311.66,4276571,30.06.2023,,
1922,Marriott Executive,9173,Apartment,1,1151.86,2027274,25.05.2023,,
1922,Marriott Executive,9174,Apartment,1,1215.02,2126320,25.05.2023,,
1922,Marriott Executive,9175,Apartment,2,1488.34,2306927,25.05.2023,,
1922,Marriott Executive,9176,Apartment,2,1496.52,2319606,25.05.2023,,
1922,Marriott Executive,9177,Apartment,2,1491.89,2416862,25.05.2023,,
1922,Marriott Executive,9178,Apartment,2,1582.09,2531344,25.05.2023,,
1922,Marriott Executive,9179,Apartment,2,1578.65,2762638,25.05.2023,,
1922,Marriott Executive,9180,Townhouse,2,2215,4651542,25.05.2023,,
1922,Marriott Executive,9181,Apartment,3,2620,5398642,25.05.2023,,
1974,Mag 330,9182,Apartment,0,585.9,748000,25.05.2023,,
1974,Mag 330,9183,Apartment,0,606.68,779000,25.05.2023,,
1974,Mag 330,9184,Apartment,1,788.38,967000,25.05.2023,,
1974,Mag 330,9185,Apartment,1,796.05,969000,25.05.2023,,
1974,Mag 330,9186,Apartment,1,801.14,970000,25.05.2023,,
1974,Mag 330,9187,Apartment,1,795.02,973000,25.05.2023,,
1974,Mag 330,9188,Apartment,0,863.28,1046000,25.05.2023,,
1974,Mag 330,9189,Apartment,1,985.25,1179000,25.05.2023,,
1974,Mag 330,9190,Apartment,1,1046.98,1271000,25.05.2023,,
1974,Mag 330,9191,Apartment,1,1172.91,1389000,25.05.2023,,
1974,Mag 330,9192,Apartment,2,1180.54,1390000,25.05.2023,,
1974,Mag 330,9193,Apartment,2,1235.32,1444000,25.05.2023,,
1974,Mag 330,9194,Apartment,1,1197.11,1466000,25.05.2023,,
1974,Mag 330,9195,Apartment,1,1318.41,1575000,25.05.2023,,
1974,Mag 330,9196,Apartment,2,1362.72,1583000,25.05.2023,,
1974,Mag 330,9197,Apartment,2,1411.3,1618000,25.05.2023,,
1974,Mag 330,9198,Apartment,2,1465.77,1685000,25.05.2023,,
1974,Mag 330,9199,Apartment,2,1536.76,1739000,25.05.2023,,
1211,Biltmore Sufouh,9200,Apartment,2,1259.37,2820096,29.06.2023,,
1211,Biltmore Sufouh,9201,Apartment,2,1332.46,2697084,29.06.2023,,
1211,Biltmore Sufouh,9202,Apartment,2,1105.88,2358342,29.06.2023,,
1211,Biltmore Sufouh,9203,Apartment,1,764.66,1694791,29.06.2023,,
1211,Biltmore Sufouh,9204,Apartment,2,1323.31,2486862,29.06.2023,,
1211,Biltmore Sufouh,9205,Apartment,2,1266.05,2470338,29.06.2023,,
1211,Biltmore Sufouh,9206,Apartment,2,1260.77,2822850,29.06.2023,,
1211,Biltmore Sufouh,9207,Apartment,2,1333.86,2699838,29.06.2023,,
1211,Biltmore Sufouh,9208,Apartment,2,1103.08,2250018,29.06.2023,,
1211,Biltmore Sufouh,9209,Apartment,1,756.38,1748076,29.06.2023,,
1211,Biltmore Sufouh,9210,Apartment,2,1140.86,2194938,29.06.2023,,
1211,Biltmore Sufouh,9211,Apartment,2,1251.84,3152820,26.05.2023,,
1211,Biltmore Sufouh,9212,Apartment,2,1322.34,3016140,26.05.2023,,
1211,Biltmore Sufouh,9213,Apartment,2,1265.29,2763180,26.05.2023,,
1211,Biltmore Sufouh,9214,Apartment,2,1171.65,2336820,26.05.2023,,
1211,Biltmore Sufouh,9215,Apartment,1,796.2,1865580,26.05.2023,,
1211,Biltmore Sufouh,9216,Apartment,2,1171.97,2449020,26.05.2023,,
1211,Biltmore Sufouh,9217,Apartment,2,1256.79,3191580,26.05.2023,,
1211,Biltmore Sufouh,9218,Apartment,2,1327.4,3054900,26.05.2023,,
1211,Biltmore Sufouh,9219,Apartment,1,661.76,1882920,29.06.2023,,
1965,Belmont Residence,9222,Apartment,2,1287.04,1832828,29.06.2023,,
1897,Ocean House,9223,Apartment,3,3531.96,19072828,26.05.2023,,
1897,Ocean House,9224,Apartment,3,3233.58,17461828,26.05.2023,,
1897,Ocean House,9225,Apartment,3,3233.48,17460828,26.05.2023,,
1897,Ocean House,9226,Apartment,2,1642.14,8374828,26.05.2023,,
1897,Ocean House,9227,Apartment,3,3531.96,19602828,26.05.2023,,
1897,Ocean House,9228,Apartment,2,2048.91,10449828,26.05.2023,,
1897,Ocean House,9229,Apartment,3,3638.84,19649828,26.05.2023,,
1897,Ocean House,9230,Apartment,2,1872.49,9549828,26.05.2023,,
1956,The Highbury,9231,Apartment,2,1175.42,2840828,29.06.2023,,
1956,The Highbury,9234,Apartment,2,1172.41,2949828,29.06.2023,,
1956,The Highbury,9235,Apartment,2,1199.85,2920828,29.06.2023,,
1956,The Highbury,9236,Apartment,2,1216.75,2965828,29.06.2023,,
1956,The Highbury,9238,Apartment,1,797.82,2007828,29.06.2023,,
1956,The Highbury,9240,Apartment,2,1353.78,2560828,29.06.2023,,
1956,The Highbury,9243,Apartment,2,1362.39,3162828,29.06.2023,,
1956,The Highbury,9245,Apartment,3,2810.03,6850828,29.06.2023,,
1956,The Highbury,9246,Apartment,4,3629.05,8389828,29.06.2023,,
1956,The Highbury,9247,Apartment,4,3764.25,9899828,29.06.2023,,
1956,The Highbury,9248,Apartment,2,1765.93,4144828,29.06.2023,,
1987,The Quayside,9250,Apartment,3,1739.23,4296828,29.06.2023,,
1987,The Quayside,9251,Apartment,2,1420.84,3548828,29.06.2023,,
1987,The Quayside,9252,Apartment,1,986.08,2299828,29.06.2023,,
1968,Ellington Upper House,9253,Apartment,1,1089.63,2003828,29.06.2023,,
1968,Ellington Upper House,9257,Apartment,1,1031.18,1904828,29.06.2023,,
1959,The Sanctuary,9262,Villa,5,10028.6,22353828,29.06.2023,,
1959,The Sanctuary,9263,Villa,4,7951.99,16672828,29.06.2023,,
1959,The Sanctuary,9264,Villa,4,7844.41,17766828,29.06.2023,,
1993,Wilton Park Residences,9265,Apartment,1,786.52,1672828,29.06.2023,,
1993,Wilton Park Residences,9266,Apartment,0,540.13,1204828,29.06.2023,,
1993,Wilton Park Residences,9267,Apartment,1,776.4,1642828,29.06.2023,,
1873,Maimoon Gardens,9268,Apartment,2,966.38,1500000,26.05.2023,,
1873,Maimoon Gardens,9269,Apartment,2,968.62,1520000,26.05.2023,,
1873,Maimoon Gardens,9270,Apartment,2,966.44,1510000,26.05.2023,,
1873,Maimoon Gardens,9271,Apartment,3,1274.98,1855000,26.05.2023,,
1999,The Crestmark,9272,Apartment,2,1225.47,3346828,26.05.2023,,
1999,The Crestmark,9274,Apartment,2,1224.18,3407828,26.05.2023,,
1999,The Crestmark,9275,Apartment,1,1057.55,2641828,26.05.2023,,
1992,Creek Waters,9342,Apartment,1,923,2164888,30.06.2023,,
1992,Creek Waters,9344,Apartment,1,921,2123888,30.06.2023,,
1992,Creek Waters,9345,Apartment,1,776,1829888,30.06.2023,,
1992,Creek Waters,9346,Apartment,1,753,1766888,30.06.2023,,
1992,Creek Waters,9347,Apartment,1,757,1767888,30.06.2023,,
1992,Creek Waters,9350,Apartment,2,1135,2975888,30.06.2023,,
1992,Creek Waters,9351,Apartment,3,1846,4218888,30.06.2023,,
1992,Creek Waters,9353,Apartment,4,2631,6527888,30.06.2023,,
1992,Creek Waters,9354,Apartment,4,2441,6287888,30.06.2023,,
1991,Golf Grand,9357,Apartment,2,1147,2030888,30.06.2023,,
1991,Golf Grand,9358,Apartment,2,1066,1998888,30.06.2023,,
1991,Golf Grand,9359,Apartment,2,1064,1995888,30.06.2023,,
1991,Golf Grand,9360,Apartment,2,1322,2467888,30.06.2023,,
1991,Golf Grand,9361,Apartment,2,1069,2079888,30.06.2023,,
1840,Creek Vistas Grande,9364,Apartment,2,1491.13,2646755,26.05.2023,,
1840,Creek Vistas Grande,9365,Apartment,2,1479.18,2625544,26.05.2023,,
1840,Creek Vistas Grande,9366,Apartment,3,1709.31,3076758,26.05.2023,,
1609,Crest Grande,9367,Apartment,1,1552.48,2453162,26.05.2023,,
1609,Crest Grande,9368,Apartment,1,1557.65,2459315,26.05.2023,,
1609,Crest Grande,9369,Apartment,2,2235.24,4135194,26.05.2023,,
1609,Crest Grande,9370,Apartment,2,1983.9,3253419,26.05.2023,,
1609,Crest Grande,9371,Apartment,2,1555.49,2838769,26.05.2023,,
1609,Crest Grande,9372,Apartment,2,2235.24,4135194,26.05.2023,,
1609,Crest Grande,9373,Apartment,2,1478.53,2698317,26.05.2023,,
1609,Crest Grande,9374,Apartment,2,1478.42,2698116,26.05.2023,,
1609,Crest Grande,9375,Apartment,4,2219.62,4050806,26.05.2023,,
1609,Crest Grande,9376,Apartment,4,2924.44,4851257,26.05.2023,,
1609,Crest Grande,9377,Apartment,4,2161.39,3944536,26.05.2023,,
1609,Crest Grande,9378,Apartment,4,2721.87,4638871,26.05.2023,,
1609,Crest Grande,9379,Apartment,4,2717.35,4647817,26.05.2023,,
1609,Crest Grande,9380,Apartment,4,2723.1,4642028,26.05.2023,,
1609,Crest Grande,9381,Apartment,4,2219.62,4106297,26.05.2023,,
1842,Creek Vistas Heights,9382,Apartment,1,940.55,2045696,26.05.2023,,
1842,Creek Vistas Heights,9383,Apartment,1,753.58,1657876,26.05.2023,,
1842,Creek Vistas Heights,9384,Apartment,1,865.31,1817151,26.05.2023,,
1842,Creek Vistas Heights,9385,Apartment,1,1017.73,2213562,26.05.2023,,
1842,Creek Vistas Heights,9386,Apartment,1,919.34,1930614,26.05.2023,,
1842,Creek Vistas Heights,9387,Apartment,1,1013.53,2204427,26.05.2023,,
1842,Creek Vistas Heights,9388,Apartment,1,1023,2225025,26.05.2023,,
1842,Creek Vistas Heights,9389,Apartment,2,955.84,2078952,26.05.2023,,
1842,Creek Vistas Heights,9390,Apartment,2,1313.63,2857145,26.05.2023,,
1842,Creek Vistas Heights,9391,Apartment,2,1270.46,2354162,26.05.2023,,
1842,Creek Vistas Heights,9392,Apartment,2,1286.39,2383680,26.05.2023,,
1842,Creek Vistas Heights,9393,Apartment,2,1289.73,2389869,26.05.2023,,
1842,Creek Vistas Heights,9394,Apartment,2,1395.97,2931537,26.05.2023,,
1842,Creek Vistas Heights,9395,Apartment,3,1887.89,3639851,26.05.2023,,
1920,Serenia Living,9396,Apartment,5,18385,130000000,24.05.2023,,
1920,Serenia Living,9397,Apartment,5,12712,88000000,24.06.2023,,
1920,Serenia Living,9398,Apartment,4,18956,120000000,24.07.2023,,
1967,Erin,9399,Apartment,4,2946,9860000,17.05.2023,,
580,SLS Dubai Hotel and Residences,9400,Apartment,1,1115.56,3460468,12.05.2023,,
580,SLS Dubai Hotel and Residences,9401,Apartment,1,1202.21,3641491,12.05.2023,,
580,SLS Dubai Hotel and Residences,9402,Apartment,1,1163.03,3651910,12.05.2023,,
580,SLS Dubai Hotel and Residences,9403,Apartment,1,1079.72,3660240,12.05.2023,,
580,SLS Dubai Hotel and Residences,9404,Apartment,1,1172.29,3672770,12.05.2023,,
580,SLS Dubai Hotel and Residences,9405,Apartment,1,1162.71,3885762,12.05.2023,,
580,SLS Dubai Hotel and Residences,9406,Apartment,2,1880.11,8648506,12.05.2023,,
580,SLS Dubai Hotel and Residences,9407,Apartment,2,1914.77,8909436,12.05.2023,,
1633,Tria by Deyaar,9408,Apartment,1,775,819598,26.05.2023,,
1633,Tria by Deyaar,9409,Apartment,1,805,834443,26.05.2023,,
741,Oakwood Residence,9410,Apartment,1,793.08,786740,26.05.2023,,
270,Azizi Riviera,9411,Apartment,0,401.93,1263000,26.05.2023,,
270,Azizi Riviera,9412,Apartment,0,395.58,1243000,26.05.2023,,
270,Azizi Riviera,9413,Apartment,0,343.26,1212000,26.05.2023,,
270,Azizi Riviera,9414,Apartment,0,378.03,1386000,26.05.2023,,
270,Azizi Riviera,9415,Apartment,0,336.16,1210000,26.05.2023,,
270,Azizi Riviera,9416,Apartment,0,331.85,1188000,26.05.2023,,
270,Azizi Riviera,9417,Apartment,1,658.97,2232000,26.05.2023,,
270,Azizi Riviera,9418,Apartment,1,647.78,1964000,26.05.2023,,
270,Azizi Riviera,9419,Apartment,1,639.38,2156000,26.05.2023,,
270,Azizi Riviera,9420,Apartment,1,532.5,1781000,26.05.2023,,
270,Azizi Riviera,9421,Apartment,1,601.82,1983000,26.05.2023,,
270,Azizi Riviera,9422,Apartment,1,587.5,1909000,26.05.2023,,
270,Azizi Riviera,9423,Apartment,1,639.38,2159000,26.05.2023,,
270,Azizi Riviera,9424,Apartment,1,532.5,1783000,26.05.2023,,
270,Azizi Riviera,9425,Apartment,1,620.65,2184000,26.05.2023,,
270,Azizi Riviera,9426,Apartment,1,601.82,1986000,26.05.2023,,
270,Azizi Riviera,9427,Apartment,2,906.33,2546000,26.05.2023,,
270,Azizi Riviera,9428,Apartment,2,739.7,2409000,26.05.2023,,
270,Azizi Riviera,9429,Apartment,2,740.89,2416000,26.05.2023,,
2028,Binghatti House,9431,Apartment,2,1107.61,2400000,08.06.2023,,
2028,Binghatti House,9432,Apartment,2,1222.13,2082352,08.06.2023,,
2028,Binghatti House,9434,Apartment,1,523.23,1011764,08.06.2023,,
2028,Binghatti House,9435,Apartment,1,648.42,1047058,08.06.2023,,
2029,Binghatti Venus,9437,Apartment,1,577.59,975000,04.08.2023,,
2029,Binghatti Venus,9440,Apartment,1,671.02,975000,04.08.2023,,
2030,Society House,9442,Apartment,1,828,2199065,16.06.2023,,
2030,Society House,9443,Apartment,1,860,2208411,16.06.2023,,
2030,Society House,9444,Apartment,1,823,2210280,16.06.2023,,
2030,Society House,9445,Apartment,1,873,2230841,16.06.2023,,
2030,Society House,9446,Apartment,1,928,2273832,16.06.2023,,
2030,Society House,9447,Apartment,1,787,2302353,16.06.2023,,
2030,Society House,9448,Apartment,1,884,2393333,16.06.2023,,
2030,Society House,9449,Apartment,2,1231,3250000,16.06.2023,,
2030,Society House,9450,Apartment,2,1283,3316279,16.06.2023,,
2030,Society House,9451,Apartment,2,1264,3360465,16.06.2023,,
2030,Society House,9452,Apartment,2,1251,3404651,16.06.2023,,
2030,Society House,9453,Apartment,2,1485,3824419,16.06.2023,,
2030,Society House,9454,Apartment,2,1545,3868605,16.06.2023,,
2030,Society House,9455,Apartment,2,1569,3934884,16.06.2023,,
2030,Society House,9456,Apartment,2,1653,4045349,16.06.2023,,
2030,Society House,9457,Apartment,2,1607,4071429,16.06.2023,,
2030,Society House,9458,Apartment,2,2162,4133721,16.06.2023,,
2030,Society House,9459,Apartment,2,2110,4155814,16.06.2023,,
2030,Society House,9460,Apartment,3,2845,9900000,16.06.2023,,
2030,Society House,9461,Apartment,3,4455,14700000,16.06.2023,,
517,The Sterling,9462,Apartment,1,717,1747845,05.06.2023,,
517,The Sterling,9463,Apartment,1,861.87,2063885,05.06.2023,,
517,The Sterling,9464,Apartment,2,1688,3763071,05.06.2023,,
517,The Sterling,9465,Apartment,2,1689,3819365,05.06.2023,,
517,The Sterling,9466,Apartment,2,1692,3799356,05.06.2023,,
517,The Sterling,9467,Apartment,2,1694,3780524,05.06.2023,,
517,The Sterling,9468,Apartment,2,1695,3839374,05.06.2023,,
517,The Sterling,9469,Apartment,3,1693,4079482,05.06.2023,,
517,The Sterling,9470,Apartment,0,708.16,1915889,05.06.2023,,
1899,Anwa by Omniyat,9471,Apartment,1,1359.16,2781786,29.05.2023,,
1899,Anwa by Omniyat,9472,Apartment,2,1359.05,3234557,29.05.2023,,
1899,Anwa by Omniyat,9473,Apartment,2,1356.15,3243545,29.05.2023,,
1899,Anwa by Omniyat,9474,Apartment,2,1388.01,2850320,29.05.2023,,
1899,Anwa by Omniyat,9475,Apartment,2,1355.71,3300843,29.05.2023,,
1899,Anwa by Omniyat,9476,Apartment,2,1361.74,3271632,29.05.2023,,
1899,Anwa by Omniyat,9477,Apartment,3,1892.4,4377156,29.05.2023,,
1899,Anwa by Omniyat,9478,Apartment,3,1936,4543776,29.05.2023,,
1899,Anwa by Omniyat,9479,Apartment,3,1942.02,4638932,29.05.2023,,
1899,Anwa by Omniyat,9480,Apartment,3,1893.16,4491753,29.05.2023,,
1899,Anwa by Omniyat,9481,Apartment,3,1890.14,4611968,29.05.2023,,
2025,Samana SkyRose,9484,Apartment,0,431.74,830520,13.06.2023,,
2025,Samana SkyRose,9485,Apartment,0,431.85,916920,13.06.2023,,
2025,Samana SkyRose,9486,Apartment,1,869.62,1132920,13.06.2023,,
2025,Samana SkyRose,9487,Apartment,1,870.37,1154520,13.06.2023,,
2025,Samana SkyRose,9488,Apartment,1,812.68,1219320,13.06.2023,,
2025,Samana SkyRose,9489,Apartment,1,828.5,1219320,13.06.2023,,
2025,Samana SkyRose,9490,Apartment,2,1305.12,1969920,13.06.2023,,
2025,Samana SkyRose,9491,Apartment,2,1538.81,1969920,13.06.2023,,
2032,Fashionz by Danube,9492,Apartment,0,529.48,958000,17.06.2023,,
2032,Fashionz by Danube,9493,Apartment,2,1177.46,1819000,17.06.2023,,
2032,Fashionz by Danube,9494,Apartment,1,870.59,1403000,17.06.2023,,
2032,Fashionz by Danube,9495,Apartment,1,849.92,1380000,17.06.2023,,
2032,Fashionz by Danube,9496,Apartment,3,1471.53,2374000,17.06.2023,,
2032,Fashionz by Danube,9497,Apartment,1,872.85,1461000,17.06.2023,,
2033,Burj Binghatti Jacob & Co Residences,9498,Apartment,2,3341.55,9280000,18.06.2023,,
2033,Burj Binghatti Jacob & Co Residences,9499,Apartment,2,3332.72,8340000,18.06.2023,,
2033,Burj Binghatti Jacob & Co Residences,9500,Apartment,2,3336.06,8600000,18.06.2023,,
2033,Burj Binghatti Jacob & Co Residences,9501,Apartment,2,3332.94,8400000,18.06.2023,,
2033,Burj Binghatti Jacob & Co Residences,9502,Apartment,3,3299.14,15279999,18.06.2023,,
2033,Burj Binghatti Jacob & Co Residences,9503,Penthouse,5,11807.26,175000000,18.06.2023,,
2033,Burj Binghatti Jacob & Co Residences,9504,Villa,6,6975.98,35400000,18.06.2023,,
2034,Bugatti Residences,9505,Apartment,2,2035.56,19090000,18.06.2023,,
2034,Bugatti Residences,9506,Apartment,2,2038.04,19250000,18.06.2023,,
2034,Bugatti Residences,9507,Apartment,2,2048.05,19500000,18.06.2023,,
2034,Bugatti Residences,9508,Apartment,2,2319.08,19750000,18.06.2023,,
2034,Bugatti Residences,9509,Apartment,2,2170.33,21400000,18.06.2023,,
2034,Bugatti Residences,9510,Apartment,2,2216.72,21200000,18.06.2023,,
2034,Bugatti Residences,9511,Apartment,2,2394.43,19950000,18.06.2023,,
2034,Bugatti Residences,9512,Apartment,2,2678.49,19900000,18.06.2023,,
2034,Bugatti Residences,9513,Apartment,2,2696.47,19950000,18.06.2023,,
2034,Bugatti Residences,9514,Apartment,2,2785.92,28200000,18.06.2023,,
2034,Bugatti Residences,9515,Apartment,2,2816.7,26000000,18.06.2023,,
2034,Bugatti Residences,9516,Apartment,2,2836.18,25800000,18.06.2023,,
2034,Bugatti Residences,9517,Apartment,2,2872.03,25600000,18.06.2023,,
2034,Bugatti Residences,9518,Apartment,2,2880.42,25000000,18.06.2023,,
2034,Bugatti Residences,9519,Apartment,2,2917.67,19900000,18.06.2023,,
2034,Bugatti Residences,9520,Apartment,2,3122.29,28400000,18.06.2023,,
2034,Bugatti Residences,9521,Apartment,2,3143.28,24800000,18.06.2023,,
2034,Bugatti Residences,9522,Apartment,2,3216.15,24600000,18.06.2023,,
2034,Bugatti Residences,9523,Apartment,2,3228.85,24600000,18.06.2023,,
2034,Bugatti Residences,9524,Apartment,2,3251.02,26200000,18.06.2023,,
2034,Bugatti Residences,9525,Apartment,2,3286.44,28600000,18.06.2023,,
2034,Bugatti Residences,9526,Apartment,2,3294.83,26000000,18.06.2023,,
2034,Bugatti Residences,9527,Apartment,2,3321.85,24400000,18.06.2023,,
2034,Bugatti Residences,9528,Apartment,2,3346.18,28400000,18.06.2023,,
2034,Bugatti Residences,9529,Apartment,2,3386.54,24800000,18.06.2023,,
2034,Bugatti Residences,9530,Apartment,2,3394.51,25360000,18.06.2023,,
2034,Bugatti Residences,9531,Apartment,2,3405.92,26000000,18.06.2023,,
2034,Bugatti Residences,9532,Apartment,2,3423.68,28200000,18.06.2023,,
2034,Bugatti Residences,9533,Apartment,2,3457.15,25800000,18.06.2023,,
2034,Bugatti Residences,9534,Apartment,2,3499.78,24200000,18.06.2023,,
2034,Bugatti Residences,9535,Apartment,2,3533.25,24400000,18.06.2023,,
2034,Bugatti Residences,9536,Apartment,2,3552.41,26000000,18.06.2023,,
2034,Bugatti Residences,9537,Apartment,2,3610.22,25200000,18.06.2023,,
2034,Bugatti Residences,9538,Apartment,2,3630.02,25600000,18.06.2023,,
2034,Bugatti Residences,9539,Apartment,2,3701.6,24000000,18.06.2023,,
2034,Bugatti Residences,9540,Apartment,2,3720.65,28400000,18.06.2023,,
2034,Bugatti Residences,9541,Apartment,2,3777.59,26000000,18.06.2023,,
2034,Bugatti Residences,9542,Apartment,2,3801.81,23000000,18.06.2023,,
2034,Bugatti Residences,9543,Apartment,2,3851.97,23800000,18.06.2023,,
2034,Bugatti Residences,9544,Apartment,2,3935.07,25200000,18.06.2023,,
2034,Bugatti Residences,9545,Apartment,2,3976.4,28800000,18.06.2023,,
2034,Bugatti Residences,9546,Apartment,2,4020.86,28600000,18.06.2023,,
2034,Bugatti Residences,9547,Apartment,2,4061.76,26800000,18.06.2023,,
2034,Bugatti Residences,9548,Apartment,2,4105.57,23600000,18.06.2023,,
2034,Bugatti Residences,9549,Apartment,2,4188.45,22600000,18.06.2023,,
2034,Bugatti Residences,9550,Apartment,2,4211.7,28800000,18.06.2023,,
2034,Bugatti Residences,9551,Apartment,2,4327.41,26800000,18.06.2023,,
2034,Bugatti Residences,9552,Apartment,2,4355.62,28400000,18.06.2023,,
2034,Bugatti Residences,9553,Apartment,2,4494.26,28400000,18.06.2023,,
2034,Bugatti Residences,9554,Apartment,2,4530.53,25200000,18.06.2023,,
2034,Bugatti Residences,9555,Apartment,3,4361.64,39000000,18.06.2023,,
2034,Bugatti Residences,9556,Apartment,3,4230.97,39000000,18.06.2023,,
2034,Bugatti Residences,9557,Apartment,3,3820.11,39200000,18.06.2023,,
2034,Bugatti Residences,9558,Apartment,3,4852.91,38600000,18.06.2023,,
2034,Bugatti Residences,9559,Apartment,3,4573.15,38200000,18.06.2023,,
2034,Bugatti Residences,9560,Apartment,3,5949.54,37000000,18.06.2023,,
2034,Bugatti Residences,9561,Apartment,3,4200.51,38200000,18.06.2023,,
2034,Bugatti Residences,9562,Apartment,3,5255.69,36600000,18.06.2023,,
2034,Bugatti Residences,9563,Apartment,3,6136.72,38600000,18.06.2023,,
2034,Bugatti Residences,9564,Apartment,3,6095.6,38800000,18.06.2023,,
2034,Bugatti Residences,9565,Apartment,3,5981.4,39000000,18.06.2023,,
2034,Bugatti Residences,9566,Apartment,4,6893.53,52000000,18.06.2023,,
2034,Bugatti Residences,9567,Apartment,4,6570.51,62000000,18.06.2023,,
2034,Bugatti Residences,9568,Penthouse,5,13444.02,150000000,18.06.2023,,
2034,Bugatti Residences,9569,Penthouse,5,12986.55,155000000,18.06.2023,,
2034,Bugatti Residences,9570,Penthouse,4,10459.83,170000000,18.06.2023,,
2034,Bugatti Residences,9571,Penthouse,4,10448.42,175000000,18.06.2023,,
2034,Bugatti Residences,9572,Penthouse,4,10300.74,180000000,18.06.2023,,
2034,Bugatti Residences,9573,Penthouse,5,15927.57,200000000,18.06.2023,,
1993,Wilton Park Residences,9574,Apartment,0,515.27,1151828,29.06.2023,,
1993,Wilton Park Residences,9575,Apartment,0,519.36,1160828,29.06.2023,,
1987,The Quayside,9576,Apartment,1,944.53,2122828,29.06.2023,,
1999,The Crestmark,9577,Apartment,1,1026.66,2708828,29.06.2023,,
1999,The Crestmark,9578,Apartment,1,1005.56,2729828,29.06.2023,,
1999,The Crestmark,9579,Apartment,3,1690.04,4849828,29.06.2023,,
1999,The Crestmark,9580,Apartment,3,1716.74,4932828,29.06.2023,,
1999,The Crestmark,9581,Apartment,1,973.06,2866828,29.06.2023,,
1999,The Crestmark,9582,Apartment,3,1713.61,5263828,29.06.2023,,
2038,Verdana Residence 2,9462,Apartment,0,344,468522,24.06.2023,,
2038,Verdana Residence 2,9463,Apartment,0,362,476909,24.06.2023,,
2038,Verdana Residence 2,9464,Apartment,0,433,494974,24.06.2023,,
2038,Verdana Residence 2,9465,Apartment,1,626,650477,24.06.2023,,
2038,Verdana Residence 2,9466,Apartment,1,642,670102,24.06.2023,,
2038,Verdana Residence 2,9467,Apartment,1,742,658656,24.06.2023,,
2038,Verdana Residence 2,9468,Apartment,1,806,666324,24.06.2023,,
2038,Verdana Residence 2,9469,Apartment,1,880,675742,24.06.2023,,
2038,Verdana Residence 2,9470,Apartment,1,954,690227,24.06.2023,,
2038,Verdana Residence 2,9471,Apartment,1,1165,713551,24.06.2023,,
2039,Millennium Talia Residences,9220,Apartment,1,670,962708,24.06.2023,,
2039,Millennium Talia Residences,9221,Apartment,1,775,963639,24.06.2023,,
2039,Millennium Talia Residences,9222,Apartment,1,800,998795,24.06.2023,,
2039,Millennium Talia Residences,9223,Apartment,1,835,1053665,24.06.2023,,
2039,Millennium Talia Residences,9224,Apartment,1,850,1060082,24.06.2023,,
2039,Millennium Talia Residences,9225,Apartment,2,1130,1500219,24.06.2023,,
2039,Millennium Talia Residences,9226,Apartment,2,1170,1442541,24.06.2023,,
2039,Millennium Talia Residences,9227,Apartment,2,1180,1449917,24.06.2023,,
2039,Millennium Talia Residences,9228,Apartment,2,1310,1559219,24.06.2023,,
2039,Millennium Talia Residences,9229,Apartment,2,1375,1622952,24.06.2023,,
2024,Bayview by Address Resort,9230,Apartment,2,1380,7023888,30.06.2023,,
2024,Bayview by Address Resort,9231,Apartment,2,1382,7188888,30.06.2023,,
2024,Bayview by Address Resort,9232,Apartment,2,1383,5696888,30.06.2023,,
2024,Bayview by Address Resort,9233,Apartment,3,1508,8992888,30.06.2023,,
2024,Bayview by Address Resort,9234,Apartment,3,1790,10146888,30.06.2023,,
2024,Bayview by Address Resort,9235,Apartment,3,1809,10044888,30.06.2023,,
2024,Bayview by Address Resort,9236,Apartment,4,2464,16227888,30.06.2023,,
2024,Bayview by Address Resort,9237,Apartment,1,736,4170888,30.06.2023,,
2024,Bayview by Address Resort,9238,Apartment,1,741,3721888,30.06.2023,,
2024,Bayview by Address Resort,9239,Apartment,1,745,3645888,30.06.2023,,
2024,Bayview by Address Resort,9240,Apartment,1,752,3664888,30.06.2023,,
1948,Senses at the Fields,9241,Townhouse,4,3562,4794777,05.07.2023,,
1948,Senses at the Fields,9242,Townhouse,4,3163,3747777,05.07.2023,,
6955,Binghatti Amber,9243,Apartment,0,358.12,624705,04.08.2023,,
6955,Binghatti Amber,9244,Apartment,0,455.1,619411,04.08.2023,,
6955,Binghatti Amber,9245,Apartment,1,621.51,824470,04.08.2023,,
6955,Binghatti Amber,9246,Apartment,1,682.75,801882,04.08.2023,,
6955,Binghatti Amber,9247,Apartment,1,695.56,801882,04.08.2023,,
6955,Binghatti Amber,9248,Apartment,1,709.56,872705,04.08.2023,,
6955,Binghatti Amber,9249,Apartment,1,715.37,841411,04.08.2023,,
6955,Binghatti Amber,9250,Apartment,1,741.63,835764,04.08.2023,,
6955,Binghatti Amber,9251,Apartment,1,917.3,912235,04.08.2023,,
6955,Binghatti Amber,9252,Apartment,1,928.28,902235,04.08.2023,,
6955,Binghatti Amber,9253,Apartment,1,942.27,924000,04.08.2023,,
6955,Binghatti Amber,9254,Apartment,2,1412.87,2081323,04.08.2023,,
6955,Binghatti Amber,9255,Apartment,2,1653.23,2053088,04.08.2023,,
6955,Binghatti Amber,9256,Apartment,2,1753.44,2123676,04.08.2023,,
6955,Binghatti Amber,9257,Apartment,2,1778.52,2060147,04.08.2023,,
6955,Binghatti Amber,9258,Apartment,3,2355.36,3625000,04.08.2023,,
745,Azizi Riviera 1,9259,Apartment,1,793.2,3472000,31.07.2023,,
745,Azizi Riviera 1,9260,Apartment,1,825,3632000,31.07.2023,,
746,Azizi Riviera 2,9261,Apartment,1,844.22,4405000,31.07.2023,,
748,Azizi Riviera 3,9262,Apartment,1,889.97,2837000,31.07.2023,,
748,Azizi Riviera 3,9263,Apartment,1,978.34,2872000,31.07.2023,,
2046,California by Samana,9604,Apartment,2,1484.99,1863000,02.08.2023,,
2046,California by Samana,9605,Apartment,2,1365.51,1917000,02.08.2023,,
2046,California by Samana,9606,Apartment,2,1286.07,1917000,02.08.2023,,
2046,California by Samana,9607,Apartment,2,1304.59,1944000,02.08.2023,,
2046,California by Samana,9608,Apartment,2,1766.9,2050920,02.08.2023,,
2046,California by Samana,9609,Apartment,2,1725.99,2428920,02.08.2023,,
2046,California by Samana,9610,Apartment,2,1596.29,2482920,02.08.2023,,
2046,California by Samana,9611,Apartment,2,1514.91,2482920,02.08.2023,,
2061,Ellington House III,9612,Apartment,2,1383.7,3259828,05.08.2023,,
2061,Ellington House III,9613,Apartment,2,1534.5,3881828,05.08.2023,,
2061,Ellington House III,9614,Apartment,2,1538.92,3892828,05.08.2023,,
2061,Ellington House III,9615,Apartment,2,1343.98,3266828,05.08.2023,,
2061,Ellington House III,9616,Apartment,1,903.31,2314828,05.08.2023,,
2062,Ellington House IV,9617,Apartment,2,1337.42,3096828,05.08.2023,,
2062,Ellington House IV,9618,Apartment,2,1366.26,3154828,05.08.2023,,
2062,Ellington House IV,9619,Apartment,2,1360.88,3422828,05.08.2023,,
2062,Ellington House IV,9620,Apartment,1,913.64,2206828,05.08.2023,,
2062,Ellington House IV,9621,Apartment,2,1370.14,3171828,05.08.2023,,
2062,Ellington House IV,9622,Apartment,2,1359.37,3418828,05.08.2023,,
2062,Ellington House IV,9623,Apartment,1,816.66,1984828,05.08.2023,,
2062,Ellington House IV,9624,Apartment,3,1867.43,4677828,05.08.2023,,
2062,Ellington House IV,9625,Apartment,2,1363.03,3448828,05.08.2023,,
2062,Ellington House IV,9626,Apartment,1,915.15,2282828,05.08.2023,,
2050,Arbor View,9627,Apartment,3,1720.29,2566828,05.08.2023,,
2050,Arbor View,9628,Apartment,3,1761.62,2645828,05.08.2023,,
2050,Arbor View,9629,Apartment,2,1363.36,1965828,05.08.2023,,
2050,Arbor View,9630,Apartment,2,1204.27,1736828,05.08.2023,,
2050,Arbor View,9631,Apartment,2,1254.43,1946828,05.08.2023,,
2050,Arbor View,9632,Apartment,2,1296.51,2012828,05.08.2023,,
2050,Arbor View,9633,Apartment,2,1429.55,2218828,05.08.2023,,
2050,Arbor View,9634,Apartment,2,1359.7,1974828,05.08.2023,,
2050,Arbor View,9635,Apartment,1,944.64,1503828,05.08.2023,,
2050,Arbor View,9636,Apartment,1,947.33,1517828,05.08.2023,,
2050,Arbor View,9637,Apartment,1,931.51,1492828,05.08.2023,,
2050,Arbor View,9638,Apartment,1,915.58,1494828,05.08.2023,,
579,The Opus Residences,9639,Apartment,2,2569,12073900,31.07.2023,,
579,The Opus Residences,9640,Apartment,2,2661,12507459,31.07.2023,,
579,The Opus Residences,9641,Apartment,2,2774,13038152,31.07.2023,,
579,The Opus Residences,9642,Apartment,1,1075,5162027,31.07.2023,,
579,The Opus Residences,9643,Apartment,1,1118,5364561,31.07.2023,,
579,The Opus Residences,9644,Apartment,1,1040,4994110,31.07.2023,,
579,The Opus Residences,9645,Apartment,1,1154,5541261,31.07.2023,,
579,The Opus Residences,9646,Apartment,1,1399,6575300,31.07.2023,,
579,The Opus Residences,9647,Apartment,1,924,4341160,31.07.2023,,
579,The Opus Residences,9648,Apartment,1,1124,5281130,31.07.2023,,
579,The Opus Residences,9649,Apartment,1,1533,7204070,31.07.2023,,
579,The Opus Residences,9650,Apartment,1,1178,5534587,31.07.2023,,
579,The Opus Residences,9651,Apartment,1,1090,5124299,31.07.2023,,
555,The Pad,9652,Apartment,2,1216,3464000,31.07.2023,,
555,The Pad,9653,Apartment,1,653,1858000,31.07.2023,,
555,The Pad,9654,Apartment,1,654,1763000,31.07.2023,,
555,The Pad,9655,Apartment,1,1303,3548000,31.07.2023,,
555,The Pad,9656,Apartment,1,670,1802000,31.07.2023,,
517,The Sterling East House,9657,Apartment,2,757.13,1540331,31.07.2023,,
517,The Sterling East House,9658,Apartment,2,1684.23,3766445,31.07.2023,,
517,The Sterling East House,9659,Apartment,2,1663.45,4287088,31.07.2023,,
517,The Sterling East House,9660,Apartment,1,704.93,1922643,31.07.2023,,
517,The Sterling East House,9661,Apartment,1,1122.68,3005650,31.07.2023,,
517,The Sterling East House,9662,Apartment,1,973.27,2605665,31.07.2023,,
517,The Sterling East House,9663,Apartment,1,975.43,2611429,31.07.2023,,
517,The Sterling East House,9664,Apartment,1,1183.71,3080266,31.07.2023,,
517,The Sterling East House,9665,Apartment,1,970.37,2621153,31.07.2023,,
517,The Sterling East House,9666,Apartment,0,479.1,1306615,31.07.2023,,
517,The Sterling East House,9667,Apartment,0,481.36,1312780,31.07.2023,,
2066,The Sterling West House,9668,Apartment,2,1688,3763071,31.07.2023,,
2066,The Sterling West House,9669,Apartment,2,1694,3780524,31.07.2023,,
2066,The Sterling West House,9670,Apartment,2,1689,3819365,31.07.2023,,
2066,The Sterling West House,9671,Apartment,1,974.46,2314138,31.07.2023,,
2066,The Sterling West House,9672,Apartment,1,1125.15,2672008,31.07.2023,,
2066,The Sterling West House,9673,Apartment,0,708.16,1915889,31.07.2023,,
587,The Dorchester Collection,9674,Penthouse,4,11409,85000000,31.07.2023,,
2067,Vela by Omniyat,9675,Apartment,3,5988,38333925,31.07.2023,,
2067,Vela by Omniyat,9676,Apartment,4,7338,59799600,31.07.2023,,
2067,Vela by Omniyat,9677,Apartment,4,7368,62897625,31.07.2023,,
2067,Vela by Omniyat,9678,Apartment,4,7373,63492975,31.07.2023,,
2067,Vela by Omniyat,9679,Apartment,4,8462,76149675,31.07.2023,,
2067,Vela by Omniyat,9680,Penthouse,5,11691,97813800,31.07.2023,,
2067,Vela by Omniyat,9681,Penthouse,5,11048,89997075,31.07.2023,,
2067,Vela by Omniyat,9682,Penthouse,5,11727,93414825,31.07.2023,,
2075,The Hamilton,9683,Apartment,1,631,721888,05.08.2023,,
2075,The Hamilton,9684,Apartment,1,636,721888,05.08.2023,,
2075,The Hamilton,9685,Apartment,1,650,734888,05.08.2023,,
2075,The Hamilton,9686,Apartment,1,726,827888,05.08.2023,,
2075,The Hamilton,9687,Apartment,1,725,833888,05.08.2023,,
2075,The Hamilton,9688,Apartment,1,738,862888,05.08.2023,,
2048,Sobha Hartland II,9689,Villa,5,8413.39,22716153,03.08.2023,,
2048,Sobha Hartland II,9690,Villa,5,8438.8,22784760,03.08.2023,,
2048,Sobha Hartland II,9691,Villa,5,8490.79,22925133,03.08.2023,,
2048,Sobha Hartland II,9692,Villa,6,16671.04,58348640,03.08.2023,,
2048,Sobha Hartland II,9693,Villa,6,16934.64,59271240,03.08.2023,,
2048,Sobha Hartland II,9694,Villa,6,16591.71,62218912,03.08.2023,,
2076,330 Riverside Crescent,9695,Apartment,1,828.17,1764002,03.08.2023,,
2076,330 Riverside Crescent,9696,Apartment,1,844.21,1772841,03.08.2023,,
2076,330 Riverside Crescent,9697,Apartment,1,909.12,1936425,03.08.2023,,
2076,330 Riverside Crescent,9698,Apartment,1,893.08,1942607,03.08.2023,,
2076,330 Riverside Crescent,9699,Apartment,1,913.21,2104949,03.08.2023,,
2076,330 Riverside Crescent,9700,Apartment,1,748.84,1572564,03.08.2023,,
2076,330 Riverside Crescent,9701,Apartment,1,811.06,1764055,03.08.2023,,
2076,330 Riverside Crescent,9702,Apartment,1,786.95,1711616,03.08.2023,,
2076,330 Riverside Crescent,9703,Apartment,2,1134.63,2564263,03.08.2023,,
2076,330 Riverside Crescent,9704,Apartment,2,1257.12,2859948,03.08.2023,,
2049,320 Riverside Crescent,9705,Apartment,1,754.23,1712096,03.08.2023,,
2049,320 Riverside Crescent,9706,Apartment,1,823.23,1806990,03.08.2023,,
2049,320 Riverside Crescent,9707,Apartment,1,677.16,1625178,03.08.2023,,
2049,320 Riverside Crescent,9708,Apartment,1,745.51,1625184,03.08.2023,,
2049,320 Riverside Crescent,9709,Apartment,1,756.92,1627374,03.08.2023,,
2049,320 Riverside Crescent,9710,Apartment,1,826.24,1875565,03.08.2023,,
2049,320 Riverside Crescent,9711,Apartment,1,834.31,1956457,03.08.2023,,
2049,320 Riverside Crescent,9712,Apartment,2,1087.05,2668701,03.08.2023,,
2049,320 Riverside Crescent,9713,Apartment,2,1172.51,2714367,03.08.2023,,
2049,320 Riverside Crescent,9714,Apartment,2,1087.05,2717618,03.08.2023,,
2049,320 Riverside Crescent,9715,Apartment,2,1172.51,2767130,03.08.2023,,
2049,320 Riverside Crescent,9716,Apartment,2,1194.79,2765948,03.08.2023,,
2049,320 Riverside Crescent,9717,Apartment,2,1203.95,2769085,03.08.2023,,
2049,320 Riverside Crescent,9718,Apartment,2,1244.42,2880822,03.08.2023,,
2049,320 Riverside Crescent,9719,Apartment,2,1233.22,2898067,03.08.2023,,
2049,320 Riverside Crescent,9720,Apartment,2,1326.86,3051778,03.08.2023,,
2049,320 Riverside Crescent,9721,Apartment,2,1302.44,3151905,03.08.2023,,
2049,320 Riverside Crescent,9722,Apartment,2,1376.39,3330864,03.08.2023,,
2049,320 Riverside Crescent,9723,Apartment,3,1654.41,3556988,03.08.2023,,
2049,320 Riverside Crescent,9724,Apartment,3,1656.89,3893688,03.08.2023,,
2049,320 Riverside Crescent,9725,Apartment,3,1787.99,3924638,03.08.2023,,
2049,320 Riverside Crescent,9726,Apartment,3,1790.47,4422461,03.08.2023,,
1911,Keturah Resort,9727,Apartment,1,1334.56,6789000,02.08.2023,,
1911,Keturah Resort,9728,Apartment,1,1507.23,8599000,02.08.2023,,
1911,Keturah Resort,9729,Apartment,1,1495.09,8600000,02.08.2023,,
1911,Keturah Resort,9730,Apartment,1,1739.41,10437000,02.08.2023,,
1911,Keturah Resort,9731,Apartment,2,2528.81,11392000,02.08.2023,,
1911,Keturah Resort,9732,Apartment,2,2660.84,13055000,02.08.2023,,
1911,Keturah Resort,9733,Apartment,3,3847.24,21997000,02.08.2023,,
1911,Keturah Resort,9734,Apartment,3,4216.23,20524000,02.08.2023,,
1911,Keturah Resort,9735,Apartment,3,3436.56,20581000,02.08.2023,,
1911,Keturah Resort,9736,Apartment,3,4218.09,22558000,02.08.2023,,
6895,Golf Greens,9737,Apartment,2,1292.21,1848000,05.08.2023,,
6895,Golf Greens,9738,Apartment,2,1306.42,1856000,05.08.2023,,
6895,Golf Greens,9739,Apartment,2,1344.95,1883000,05.08.2023,,
6895,Golf Greens,9740,Apartment,2,1314.38,2025000,05.08.2023,,
6895,Golf Greens,9741,Apartment,2,1298.24,2039000,05.08.2023,,
6895,Golf Greens,9742,Apartment,2,1349.58,2099000,05.08.2023,,
6895,Golf Greens,9743,Apartment,2,1643.65,2448000,05.08.2023,,
6895,Golf Greens,9744,Apartment,2,1323.53,1880000,05.08.2023,,
6895,Golf Greens,9745,Apartment,1,674.9,1026000,05.08.2023,,
6895,Golf Greens,9746,Apartment,1,674.36,1046000,05.08.2023,,
6895,Golf Greens,9747,Apartment,1,698.47,1048000,05.08.2023,,
6895,Golf Greens,9748,Apartment,1,702.02,1089000,05.08.2023,,
6895,Golf Greens,9749,Apartment,1,740.88,1127000,05.08.2023,,
6895,Golf Greens,9750,Apartment,1,680.49,1147000,05.08.2023,,
6895,Golf Greens,9751,Apartment,1,790.5,1234000,05.08.2023,,
6895,Golf Greens,9752,Apartment,1,784.69,1311000,05.08.2023,,
6895,Golf Greens,9753,Apartment,1,978.44,1468000,05.08.2023,,
6895,Golf Greens,9754,Apartment,1,1006.53,1530000,05.08.2023,,
6895,Golf Greens,9755,Apartment,1,1049.91,1554000,05.08.2023,,
6895,Golf Greens,9756,Apartment,1,1012.67,1661000,05.08.2023,,
6895,Golf Greens,9757,Apartment,2,1207.82,1716000,05.08.2023,,
6895,Golf Greens,9758,Apartment,2,1227.09,1792000,05.08.2023,,
6895,Golf Greens,9759,Apartment,2,1244.74,1805000,05.08.2023,,
6895,Golf Greens,9760,Apartment,2,1246.57,1808000,05.08.2023,,
6895,Golf Greens,9761,Apartment,2,1302.22,1824000,05.08.2023,,
6895,Golf Greens,9762,Apartment,2,1257.22,1836000,05.08.2023,,
6895,Golf Greens,9763,Apartment,2,1330.42,1857000,05.08.2023,,
6895,Golf Greens,9764,Apartment,2,1244.42,1917000,05.08.2023,,
6895,Golf Greens,9765,Apartment,2,1246.57,1920000,05.08.2023,,
6895,Golf Greens,9766,Apartment,2,1212.02,1922000,05.08.2023,,
6895,Golf Greens,9767,Apartment,1,1351.52,2122000,05.08.2023,,
6925,Verona,9768,Townhouse,4,2415.33,2028000,05.08.2023,,
6925,Verona,9769,Townhouse,4,2352.26,1893000,03.08.2023,,
1904,Sobha Seahaven,9770,Apartment,1,1106.1,4424400,05.08.2023,,
1904,Sobha Seahaven,9771,Apartment,1,1144.21,4920103,05.08.2023,,
1904,Sobha Seahaven,9772,Apartment,1,1138.5,4895550,05.08.2023,,
1904,Sobha Seahaven,9773,Apartment,1,1149.7,4943710,05.08.2023,,
1904,Sobha Seahaven,9774,Apartment,1,1154,5077600,05.08.2023,,
1904,Sobha Seahaven,9775,Apartment,1,1174.34,5167096,05.08.2023,,
1904,Sobha Seahaven,9776,Apartment,1,888.99,3911556,05.08.2023,,
1904,Sobha Seahaven,9777,Apartment,1,1198.02,5391090,05.08.2023,,
1904,Sobha Seahaven,9778,Apartment,1,1233.64,4934564,05.08.2023,,
1904,Sobha Seahaven,9779,Apartment,1,850.61,3147243,05.08.2023,,
1904,Sobha Seahaven,9780,Apartment,1,841.41,3281518,05.08.2023,,
1904,Sobha Seahaven,9781,Apartment,2,1474.77,5456649,05.08.2023,,
1904,Sobha Seahaven,9782,Apartment,2,2023.08,8294615,05.08.2023,,
1904,Sobha Seahaven,9783,Apartment,2,1930.28,8107181,05.08.2023,,
1904,Sobha Seahaven,9784,Apartment,3,2458.05,10200908,05.08.2023,,
1904,Sobha Seahaven,9785,Apartment,3,2557.83,11126561,05.08.2023,,
1904,Sobha Seahaven,9786,Apartment,3,2636.19,11731046,05.08.2023,,
1904,Sobha Seahaven,9787,Apartment,4,5022.76,28209716,05.08.2023,,
1904,Sobha Seahaven,9788,Apartment,4,4843.76,27325266,05.08.2023,,
1904,Sobha Seahaven,9789,Apartment,4,4942.36,27285340,05.08.2023,,
1904,Sobha Seahaven,9790,Apartment,4,4849.25,26311588,05.08.2023,,
1904,Sobha Seahaven,9791,Apartment,4,5132.99,29312746,05.08.2023,,
1904,Sobha Seahaven,9792,Apartment,4,4713.09,26154873,05.08.2023,,
1904,Sobha Seahaven,9793,Apartment,4,5350.2,31299070,05.08.2023,,
1904,Sobha Seahaven,9794,Apartment,4,4969.59,28495416,05.08.2023,,
1904,Sobha Seahaven,9795,Apartment,4,5055.49,28637596,05.08.2023,,
1904,Sobha Seahaven,9796,Apartment,4,4918.24,27969646,05.08.2023,,
1904,Sobha Seahaven,9797,Apartment,4,4902.63,26831626,05.08.2023,,
2005,SeaPoint,9798,Apartment,1,784,4111888,07.08.2023,,
2005,SeaPoint,9799,Apartment,1,736,3687888,07.08.2023,,
2005,SeaPoint,9800,Apartment,1,745,3178888,07.08.2023,,
2005,SeaPoint,9801,Apartment,2,1463,7246888,07.08.2023,,
2005,SeaPoint,9802,Apartment,2,1382,6469888,07.08.2023,,
2005,SeaPoint,9803,Apartment,2,1380,6441888,07.08.2023,,
2005,SeaPoint,9804,Apartment,2,1471,6014888,07.08.2023,,
2005,SeaPoint,9805,Apartment,2,1430,5419888,07.08.2023,,
2005,SeaPoint,9806,Apartment,3,1790,9280888,07.08.2023,,
2005,SeaPoint,9807,Apartment,3,1809,9100888,07.08.2023,,
2005,SeaPoint,9808,Apartment,3,1508,8147888,07.08.2023,,
2005,SeaPoint,9809,Apartment,3,1514,8110888,07.08.2023,,
2005,SeaPoint,9810,Apartment,4,4462,26282888,07.08.2023,,
2005,SeaPoint,9811,Apartment,4,2464,14875888,07.08.2023,,
2027,Creek Waters II,9812,Apartment,1,923,2242888,07.08.2023,,
2027,Creek Waters II,9813,Apartment,1,917,2198888,07.08.2023,,
2027,Creek Waters II,9814,Apartment,1,918,2174888,07.08.2023,,
2027,Creek Waters II,9815,Apartment,1,916,2097888,07.08.2023,,
2027,Creek Waters II,9816,Apartment,1,900,2095888,07.08.2023,,
2027,Creek Waters II,9817,Apartment,1,777,1788888,07.08.2023,,
2027,Creek Waters II,9818,Apartment,1,757,1734888,07.08.2023,,
2027,Creek Waters II,9819,Apartment,1,755,1730888,07.08.2023,,
2027,Creek Waters II,9820,Apartment,4,2435,6261888,07.08.2023,,
6898,Fairway Villas II,9821,Villa,4,3882,5612888,07.08.2023,,
6898,Fairway Villas II,9822,Villa,4,3878,5496888,07.08.2023,,
6898,Fairway Villas II,9823,Villa,3,3030,3275888,07.08.2023,,
6898,Fairway Villas II,9824,Villa,3,2990,3213888,07.08.2023,,
2078,May,9825,Villa,3,2035,2667888,07.08.2023,,
2078,May,9826,Villa,3,2033,2659888,07.08.2023,,
2078,May,9827,Villa,3,1989,2641888,07.08.2023,,
2078,May,9828,Villa,3,1984,2562888,07.08.2023,,
2082,Al Habtoor Tower,9829,Apartment,1,880.06,2244153,07.08.2023,,
2082,Al Habtoor Tower,9830,Apartment,1,978.76,2349024,07.08.2023,,
2082,Al Habtoor Tower,9831,Apartment,1,866.17,2252042,07.08.2023,,
2082,Al Habtoor Tower,9832,Apartment,1,973.92,2837028,07.08.2023,,
2082,Al Habtoor Tower,9833,Apartment,1,1046.14,3051590,07.08.2023,,
2082,Al Habtoor Tower,9834,Apartment,1,1143.56,2826880,07.08.2023,,
2082,Al Habtoor Tower,9835,Apartment,1,1170.25,3855973,07.08.2023,,
2082,Al Habtoor Tower,9836,Apartment,1,980.7,2634160,07.08.2023,,
2082,Al Habtoor Tower,9837,Apartment,1,1496.18,3602801,07.08.2023,,
2082,Al Habtoor Tower,9838,Apartment,1,1121.6,3768576,07.08.2023,,
2082,Al Habtoor Tower,9839,Apartment,1,1237.74,3406260,07.08.2023,,
2082,Al Habtoor Tower,9840,Apartment,1,1500.81,3702498,07.08.2023,,
2082,Al Habtoor Tower,9841,Apartment,1,1515.45,3791655,07.08.2023,,
2082,Al Habtoor Tower,9842,Apartment,2,1475.73,3763111,07.08.2023,,
2082,Al Habtoor Tower,9843,Apartment,2,1523.85,3962010,07.08.2023,,
2082,Al Habtoor Tower,9844,Apartment,2,1468.09,3750969,07.08.2023,,
2082,Al Habtoor Tower,9845,Apartment,2,1621.32,4815451,07.08.2023,,
2082,Al Habtoor Tower,9846,Apartment,2,1532.29,4516691,07.08.2023,,
2082,Al Habtoor Tower,9847,Apartment,2,1534.93,4581766,07.08.2023,,
2082,Al Habtoor Tower,9848,Apartment,2,1639.45,4672432,07.08.2023,,
2082,Al Habtoor Tower,9849,Apartment,3,2084.97,6275759,07.08.2023,,
2082,Al Habtoor Tower,9850,Apartment,3,2181.95,6545850,07.08.2023,,
2082,Al Habtoor Tower,9851,Apartment,3,2259.34,6890987,07.08.2023,,
2082,Al Habtoor Tower,9852,Apartment,3,1819.75,7169815,07.08.2023,,
2082,Al Habtoor Tower,9853,Apartment,3,1995.84,6067353,07.08.2023,,
2082,Al Habtoor Tower,9854,Apartment,3,2170,6944000,07.08.2023,,
2047,Jannat,9855,Apartment,1,760,930079,07.08.2023,,
2047,Jannat,9856,Apartment,1,765,927827,07.08.2023,,
2047,Jannat,9857,Apartment,1,770,940850,07.08.2023,,
2047,Jannat,9858,Apartment,1,775,944775,07.08.2023,,
2047,Jannat,9859,Apartment,1,780,951621,07.08.2023,,
2047,Jannat,9860,Apartment,1,795,949510,07.08.2023,,
2047,Jannat,9861,Apartment,1,805,958211,07.08.2023,,
2047,Jannat,9862,Apartment,1,810,984040,07.08.2023,,
2047,Jannat,9863,Apartment,2,1130,1450001,07.08.2023,,
2047,Jannat,9864,Apartment,2,1200,1461302,07.08.2023,,
2047,Jannat,9865,Apartment,2,1365,1634899,07.08.2023,,
2047,Jannat,9866,Apartment,2,1145,1460376,07.08.2023,,
2047,Jannat,9867,Apartment,2,1165,1472275,07.08.2023,,
2047,Jannat,9868,Apartment,2,1183,1474159,07.08.2023,,
2083,Amalia Residence,9869,Apartment,1,830,827730,07.08.2023,,
2083,Amalia Residence,9870,Apartment,1,850,852420,07.08.2023,,
2083,Amalia Residence,9871,Apartment,1,865,910744,07.08.2023,,
2083,Amalia Residence,9872,Apartment,1,880,916393,07.08.2023,,
2083,Amalia Residence,9873,Apartment,1,930,936147,07.08.2023,,
2083,Amalia Residence,9874,Apartment,1,935,866379,07.08.2023,,
2083,Amalia Residence,9875,Apartment,1,1030,892513,07.08.2023,,
2083,Amalia Residence,9876,Apartment,1,1090,960967,07.08.2023,,
2083,Amalia Residence,9877,Apartment,2,2245,1469302,07.08.2023,,
2083,Amalia Residence,9878,Apartment,2,1215,1219165,07.08.2023,,
2083,Amalia Residence,9879,Apartment,2,1260,1244716,07.08.2023,,
2083,Amalia Residence,9880,Apartment,2,1270,1282137,07.08.2023,,
2083,Amalia Residence,9881,Apartment,2,1395,1412985,07.08.2023,,
2083,Amalia Residence,9882,Apartment,2,1490,1355578,07.08.2023,,
2083,Amalia Residence,9883,Apartment,2,1530,1328441,07.08.2023,,
2083,Amalia Residence,9884,Apartment,2,1565,1348367,07.08.2023,,
2083,Amalia Residence,9885,Apartment,2,1570,1350176,07.08.2023,,
2083,Amalia Residence,9886,Apartment,3,2875,1980797,07.08.2023,,
2038,Verdana Residence 2,9887,Apartment,1,868,680352,07.08.2023,,
2038,Verdana Residence 2,9888,Apartment,1,658,658720,07.08.2023,,
2038,Verdana Residence 2,9889,Apartment,1,601,650569,07.08.2023,,
2038,Verdana Residence 2,9890,Apartment,1,642,659324,07.08.2023,,
2038,Verdana Residence 2,9891,Apartment,1,675,664873,07.08.2023,,
2038,Verdana Residence 2,9892,Apartment,1,627,664380,07.08.2023,,
2038,Verdana Residence 2,9893,Apartment,1,618,665804,07.08.2023,,
1314,Samana Waves,9894,Apartment,1,966.71,1706650,07.08.2023,,
1314,Samana Waves,9895,Apartment,1,958.63,1706650,07.08.2023,,
1314,Samana Waves,9896,Apartment,2,1230.85,1764430,07.08.2023,,
1314,Samana Waves,9897,Apartment,2,1110.51,2021230,07.08.2023,,
1314,Samana Waves,9898,Apartment,3,1705.22,2459930,07.08.2023,,
1314,Samana Waves,9899,Apartment,3,1682.08,2513430,07.08.2023,,
1314,Samana Waves,9900,Apartment,3,1573.47,2513430,07.08.2023,,
1314,Samana Waves,9901,Apartment,2,1593.06,2620430,07.08.2023,,
1314,Samana Waves,9902,Apartment,2,1972.59,2620430,07.08.2023,,
1314,Samana Waves,9903,Apartment,2,1525.68,2673930,07.08.2023,,
2085,Dolce Vita,9904,Apartment,1,764.17,1387000,07.08.2023,,
2085,Dolce Vita,9905,Apartment,1,774.03,1276000,07.08.2023,,
2085,Dolce Vita,9906,Apartment,1,795.59,1300000,07.08.2023,,
2085,Dolce Vita,9907,Apartment,1,816.98,1309000,07.08.2023,,
2085,Dolce Vita,9908,Apartment,1,802.8,1402000,07.08.2023,,
2085,Dolce Vita,9909,Apartment,1,850.46,1414000,07.08.2023,,
2085,Dolce Vita,9910,Apartment,1,815.15,1310000,07.08.2023,,
2085,Dolce Vita,9911,Apartment,2,928.39,1454000,07.08.2023,,
2085,Dolce Vita,9912,Apartment,2,1262.07,1799000,07.08.2023,,
2085,Dolce Vita,9913,Apartment,2,1261.32,1815000,07.08.2023,,
2085,Dolce Vita,9914,Apartment,2,1244.74,1899000,07.08.2023,,
2069,Golf Residence,9915,Apartment,2,1397.69,2697777,07.08.2023,,
2069,Golf Residence,9916,Apartment,2,1723.62,3437777,07.08.2023,,
2069,Golf Residence,9917,Apartment,2,1749.78,3085777,07.08.2023,,
2069,Golf Residence,9918,Apartment,2,1397.69,3006777,07.08.2023,,
2069,Golf Residence,9919,Apartment,2,1548.06,2917777,07.08.2023,,
2023,Canal Front Residences,9920,Apartment,2,1744.4,4042230,31.07.2023,,
2023,Canal Front Residences,9921,Apartment,2,1745.04,4044066,31.07.2023,,
2023,Canal Front Residences,9922,Apartment,2,1590.8,4041125,31.07.2023,,
2023,Canal Front Residences,9923,Apartment,2,1598.55,4302656,31.07.2023,,
2023,Canal Front Residences,9924,Apartment,2,1532.24,4028979,31.07.2023,,
2023,Canal Front Residences,9925,Apartment,2,1588.54,4236721,31.07.2023,,
2023,Canal Front Residences,9926,Apartment,2,1734.38,5026697,31.07.2023,,
2023,Canal Front Residences,9927,Apartment,2,1677.33,5142655,31.07.2023,,
2023,Canal Front Residences,9928,Apartment,2,1732.02,5216792,31.07.2023,,
2023,Canal Front Residences,9929,Apartment,2,1471.21,3004833,31.07.2023,,
2023,Canal Front Residences,9930,Apartment,2,1473.04,3222855,31.07.2023,,
2023,Canal Front Residences,9931,Apartment,3,1740.31,3785473,31.07.2023,,
2023,Canal Front Residences,9932,Apartment,3,1739.77,3844738,31.07.2023,,
2023,Canal Front Residences,9933,Apartment,3,1741.6,4148991,31.07.2023,,
2023,Canal Front Residences,9934,Apartment,1,1139.36,2079419,31.07.2023,,
2023,Canal Front Residences,9935,Apartment,1,972.09,2010217,31.07.2023,,
2023,Canal Front Residences,9936,Apartment,2,1712.53,3805906,31.07.2023,,
2023,Canal Front Residences,9937,Apartment,2,1653.34,3858166,31.07.2023,,
2023,Canal Front Residences,9938,Apartment,2,1593.81,4146546,31.07.2023,,
2087,Samana Golf Views,9939,Apartment,0,406,765720,09.08.2023,,
2087,Samana Golf Views,9940,Apartment,0,411,765720,09.08.2023,,
2087,Samana Golf Views,9941,Apartment,0,462,781920,09.08.2023,,
2087,Samana Golf Views,9942,Apartment,0,768,781920,09.08.2023,,
2087,Samana Golf Views,9943,Apartment,0,769,781920,09.08.2023,,
2087,Samana Golf Views,9944,Apartment,0,509,841320,09.08.2023,,
2087,Samana Golf Views,9945,Apartment,0,393,857520,09.08.2023,,
2087,Samana Golf Views,9946,Apartment,1,823,1159920,09.08.2023,,
2087,Samana Golf Views,9947,Apartment,1,824,1165320,09.08.2023,,
2087,Samana Golf Views,9948,Apartment,1,828,1219320,09.08.2023,,
2087,Samana Golf Views,9949,Apartment,1,826,1219320,09.08.2023,,
2087,Samana Golf Views,9950,Apartment,1,808,1240920,09.08.2023,,
2087,Samana Golf Views,9951,Apartment,2,1159,1618920,09.08.2023,,
2087,Samana Golf Views,9952,Apartment,2,1255,1755000,09.08.2023,,
2087,Samana Golf Views,9953,Apartment,2,1161,1755000,09.08.2023,,
2087,Samana Golf Views,9954,Apartment,2,1254,1771200,09.08.2023,,
2087,Samana Golf Views,9955,Apartment,2,1237,1771200,09.08.2023,,
2087,Samana Golf Views,9956,Apartment,2,1353,1819800,09.08.2023,,
2087,Samana Golf Views,9957,Apartment,2,1357.3,2115720,09.08.2023,,
2087,Samana Golf Views,9958,Apartment,3,2727.6,2914920,09.08.2023,,
